vertex_id,row,col,degree,kind,n_cells,n_gaps,touches_outer,incident_faces_cyclic,incident_edges_cyclic,row_um,col_um
0,-0.5,35.5,3,regular,2,0,True,"[0, 1, 623]","[0, 31, 1]",,
1,-0.5,72.5,3,regular,2,0,True,"[1, 2, 623]","[1, 32, 2]",,
2,-0.5,133.5,3,regular,2,0,True,"[2, 3, 623]","[2, 33, 3]",,
3,-0.5,163.5,3,regular,2,0,True,"[3, 4, 623]","[3, 34, 4]",,
4,-0.5,182.5,3,regular,2,0,True,"[4, 5, 623]","[4, 35, 5]",,
5,-0.5,203.5,3,regular,2,0,True,"[5, 6, 623]","[5, 36, 6]",,
6,-0.5,240.5,3,regular,2,0,True,"[6, 7, 623]","[6, 37, 7]",,
7,-0.5,274.5,3,regular,2,0,True,"[7, 8, 623]","[7, 38, 8]",,
8,-0.5,299.5,3,regular,2,0,True,"[8, 9, 623]","[8, 39, 9]",,
9,-0.5,321.5,3,regular,2,0,True,"[9, 10, 623]","[9, 40, 10]",,
10,-0.5,376.5,3,regular,2,0,True,"[10, 11, 623]","[10, 41, 11]",,
11,-0.5,387.5,3,regular,2,0,True,"[11, 12, 623]","[11, 42, 12]",,
12,-0.5,405.5,3,regular,2,0,True,"[12, 13, 623]","[12, 43, 13]",,
13,-0.5,423.5,3,regular,2,0,True,"[13, 14, 623]","[13, 44, 14]",,
14,-0.5,446.5,3,regular,2,0,True,"[14, 15, 623]","[14, 45, 15]",,
15,-0.5,465.5,3,regular,2,0,True,"[15, 16, 623]","[15, 46, 16]",,
16,-0.5,494.5,3,regular,2,0,True,"[16, 17, 623]","[16, 47, 17]",,
17,-0.5,516.5,3,regular,2,0,True,"[17, 18, 623]","[17, 48, 18]",,
18,-0.5,554.5,3,regular,2,0,True,"[18, 19, 623]","[18, 49, 19]",,
19,-0.5,579.5,3,regular,2,0,True,"[19, 20, 623]","[19, 50, 20]",,
20,-0.5,604.5,3,regular,2,0,True,"[20, 21, 623]","[20, 51, 21]",,
21,-0.5,624.5,3,regular,2,0,True,"[21, 22, 623]","[21, 52, 22]",,
22,-0.5,681.5,3,regular,2,0,True,"[22, 23, 623]","[22, 53, 23]",,
23,-0.5,686.5,3,regular,2,0,True,"[23, 24, 623]","[23, 54, 24]",,
24,-0.5,807.5,3,regular,2,0,True,"[24, 25, 623]","[24, 55, 25]",,
25,-0.5,845.5,3,regular,2,0,True,"[25, 26, 623]","[25, 56, 26]",,
26,-0.5,882.5,3,regular,2,0,True,"[26, 27, 623]","[26, 57, 27]",,
27,-0.5,898.5,3,regular,2,0,True,"[27, 28, 623]","[27, 58, 28]",,
28,-0.5,928.5,3,regular,2,0,True,"[28, 29, 623]","[28, 59, 29]",,
29,-0.5,994.5,3,regular,2,0,True,"[29, 30, 623]","[29, 60, 30]",,
30,1.5,72.5,3,regular,3,0,False,"[31, 2, 1]","[61, 62, 32]",,
31,6.5,902.5,3,regular,3,0,False,"[32, 28, 27]","[63, 64, 58]",,
32,7.5,928.5,3,regular,3,0,False,"[32, 29, 28]","[64, 65, 59]",,
33,10.5,553.5,3,regular,3,0,False,"[34, 19, 18]","[67, 68, 49]",,
34,11.5,995.5,3,regular,3,0,False,"[35, 30, 29]","[70, 69, 60]",,
35,13.5,347.5,3,regular,3,0,False,"[9, 11, 10]","[40, 72, 41]",,
36,13.5,630.5,3,regular,3,0,False,"[20, 22, 21]","[51, 71, 52]",,
37,16.5,154.5,3,regular,3,0,False,"[36, 4, 3]","[73, 74, 34]",,
38,16.5,444.5,3,regular,3,0,False,"[13, 15, 14]","[44, 75, 45]",,
39,16.5,724.5,3,regular,3,0,False,"[23, 33, 24]","[54, 76, 66]",,
40,17.5,660.5,3,regular,3,0,False,"[20, 23, 22]","[71, 78, 53]",,
41,19.5,93.5,3,regular,3,0,False,"[37, 2, 31]","[79, 77, 62]",,
42,19.5,148.5,3,regular,3,0,False,"[2, 36, 3]","[33, 80, 73]",,
43,19.5,274.5,3,regular,3,0,False,"[6, 8, 7]","[37, 81, 38]",,
44,21.5,461.5,3,regular,3,0,False,"[13, 16, 15]","[75, 82, 46]",,
45,24.5,858.5,3,regular,3,0,False,"[39, 26, 25]","[86, 84, 56]",,
46,24.5,863.5,3,regular,3,0,False,"[39, 27, 26]","[84, 85, 57]",,
47,25.5,820.5,3,regular,3,0,False,"[40, 25, 24]","[87, 88, 55]",,
48,25.5,941.5,3,regular,3,0,False,"[41, 29, 32]","[90, 89, 65]",,
49,27.5,58.5,3,regular,3,0,False,"[42, 31, 1]","[91, 93, 61]",,
50,27.5,225.5,3,regular,3,0,False,"[38, 6, 5]","[94, 83, 36]",,
51,27.5,391.5,3,regular,3,0,False,"[13, 12, 11]","[95, 43, 42]",,
52,27.5,963.5,3,regular,3,0,False,"[41, 35, 29]","[89, 96, 70]",,
53,27.5,1009.5,3,regular,3,0,False,"[43, 30, 35]","[97, 92, 69]",,
54,28.5,764.5,3,regular,3,0,False,"[33, 44, 24]","[66, 99, 98]",,
55,28.5,1023.5,3,regular,2,0,True,"[43, 623, 30]","[92, 100, 30]",,
56,29.5,348.5,3,regular,3,0,False,"[45, 11, 9]","[102, 101, 72]",,
57,30.5,269.5,3,regular,3,0,False,"[38, 8, 6]","[83, 103, 81]",,
58,34.5,9.5,3,regular,3,0,False,"[47, 1, 0]","[106, 107, 31]",,
59,34.5,203.5,3,regular,3,0,False,"[36, 5, 4]","[74, 105, 35]",,
60,34.5,225.5,3,regular,3,0,False,"[36, 38, 5]","[105, 111, 94]",,
61,34.5,868.5,3,regular,3,0,False,"[32, 27, 39]","[108, 63, 85]",,
62,34.5,940.5,3,regular,3,0,False,"[48, 41, 32]","[109, 110, 90]",,
63,35.5,35.5,3,regular,3,0,False,"[47, 42, 1]","[107, 112, 91]",,
64,36.5,304.5,3,regular,3,0,False,"[38, 9, 8]","[103, 113, 39]",,
65,37.5,341.5,3,regular,3,0,False,"[49, 45, 9]","[114, 115, 102]",,
66,37.5,384.5,3,regular,3,0,False,"[13, 11, 45]","[116, 95, 101]",,
67,39.5,833.5,3,regular,3,0,False,"[40, 39, 25]","[88, 117, 86]",,
68,42.5,75.5,3,regular,3,0,False,"[42, 37, 31]","[93, 118, 79]",,
69,42.5,310.5,3,regular,3,0,False,"[38, 49, 9]","[113, 119, 114]",,
70,44.5,-0.5,3,regular,2,0,True,"[47, 0, 623]","[121, 106, 0]",,
71,44.5,784.5,3,regular,3,0,False,"[50, 24, 44]","[122, 120, 98]",,
72,47.5,124.5,3,regular,3,0,False,"[52, 2, 37]","[124, 125, 77]",,
73,49.5,156.5,3,regular,3,0,False,"[51, 36, 2]","[126, 123, 80]",,
74,51.5,631.5,3,regular,3,0,False,"[54, 23, 20]","[128, 129, 78]",,
75,54.5,-0.5,3,regular,2,0,True,"[55, 47, 623]","[131, 130, 121]",,
76,54.5,562.5,3,regular,3,0,False,"[53, 19, 34]","[127, 132, 68]",,
77,56.5,151.5,3,regular,3,0,False,"[52, 51, 2]","[125, 133, 126]",,
78,57.5,996.5,3,regular,3,0,False,"[41, 43, 35]","[96, 134, 97]",,
79,58.5,765.5,3,regular,3,0,False,"[56, 44, 33]","[135, 136, 99]",,
80,58.5,815.5,3,regular,3,0,False,"[50, 40, 24]","[120, 137, 87]",,
81,60.5,656.5,3,regular,3,0,False,"[46, 23, 54]","[138, 104, 129]",,
82,61.5,235.5,3,regular,3,0,False,"[57, 38, 36]","[139, 140, 111]",,
83,62.5,212.5,3,regular,3,0,False,"[51, 57, 36]","[123, 141, 139]",,
84,62.5,768.5,3,regular,3,0,False,"[50, 44, 56]","[142, 122, 136]",,
85,63.5,113.5,3,regular,3,0,False,"[58, 52, 37]","[143, 147, 124]",,
86,63.5,842.5,3,regular,3,0,False,"[61, 39, 40]","[146, 148, 117]",,
87,63.5,885.5,3,regular,3,0,False,"[48, 32, 39]","[149, 109, 108]",,
88,64.5,727.5,3,regular,3,0,False,"[60, 23, 46]","[151, 150, 104]",,
89,64.5,732.5,3,regular,3,0,False,"[60, 33, 23]","[150, 145, 76]",,
90,67.5,159.5,3,regular,3,0,False,"[52, 62, 51]","[133, 153, 152]",,
91,67.5,582.5,3,regular,3,0,False,"[53, 20, 19]","[132, 154, 50]",,
92,68.5,15.5,3,regular,3,0,False,"[55, 42, 47]","[130, 155, 112]",,
93,68.5,815.5,3,regular,3,0,False,"[50, 61, 40]","[137, 157, 146]",,
94,70.5,97.5,3,regular,3,0,False,"[42, 58, 37]","[118, 159, 143]",,
95,72.5,399.5,3,regular,3,0,False,"[59, 13, 45]","[161, 144, 116]",,
96,72.5,586.5,3,regular,3,0,False,"[53, 54, 20]","[154, 162, 128]",,
97,72.5,654.5,3,regular,3,0,False,"[64, 46, 54]","[163, 158, 138]",,
98,74.5,446.5,3,regular,3,0,False,"[66, 16, 13]","[164, 165, 82]",,
99,74.5,811.5,3,regular,3,0,False,"[56, 61, 50]","[142, 166, 157]",,
100,75.5,211.5,3,regular,3,0,False,"[67, 57, 51]","[167, 168, 141]",,
101,75.5,309.5,3,regular,3,0,False,"[65, 49, 38]","[173, 160, 119]",,
102,75.5,319.5,3,regular,3,0,False,"[45, 49, 65]","[174, 115, 160]",,
103,75.5,507.5,3,regular,3,0,False,"[68, 18, 17]","[169, 170, 48]",,
104,75.5,1006.5,3,regular,3,0,False,"[69, 43, 41]","[171, 172, 134]",,
105,76.5,542.5,3,regular,3,0,False,"[63, 53, 34]","[156, 175, 127]",,
106,77.5,469.5,3,regular,3,0,False,"[70, 17, 16]","[176, 179, 47]",,
107,77.5,755.5,3,regular,3,0,False,"[71, 56, 33]","[177, 178, 135]",,
108,77.5,1023.5,3,regular,2,0,True,"[69, 623, 43]","[172, 180, 100]",,
109,78.5,468.5,3,regular,3,0,False,"[17, 70, 16]","[182, 179, 176]",,
110,78.5,518.5,3,regular,3,0,False,"[68, 34, 18]","[170, 183, 67]",,
111,78.5,752.5,3,regular,3,0,False,"[60, 71, 33]","[145, 184, 177]",,
112,79.5,715.5,3,regular,3,0,False,"[72, 60, 46]","[181, 185, 151]",,
113,80.5,319.5,3,regular,3,0,False,"[73, 45, 65]","[188, 186, 174]",,
114,80.5,453.5,3,regular,3,0,False,"[74, 16, 66]","[189, 187, 165]",,
115,81.5,523.5,3,regular,3,0,False,"[68, 63, 34]","[183, 191, 156]",,
116,82.5,193.5,3,regular,3,0,False,"[62, 67, 51]","[152, 193, 167]",,
117,83.5,657.5,3,regular,3,0,False,"[77, 64, 54]","[194, 195, 163]",,
118,83.5,868.5,3,regular,3,0,False,"[61, 48, 39]","[148, 196, 149]",,
119,84.5,468.5,3,regular,3,0,False,"[74, 17, 16]","[187, 198, 182]",,
120,84.5,687.5,3,regular,3,0,False,"[72, 46, 64]","[199, 181, 158]",,
121,85.5,32.5,3,regular,3,0,False,"[55, 76, 42]","[155, 202, 192]",,
122,85.5,261.5,3,regular,3,0,False,"[79, 38, 57]","[200, 201, 140]",,
123,85.5,546.5,3,regular,3,0,False,"[75, 53, 63]","[203, 190, 175]",,
124,85.5,588.5,3,regular,3,0,False,"[75, 54, 53]","[190, 204, 162]",,
125,85.5,687.5,3,regular,3,0,False,"[77, 72, 64]","[195, 205, 199]",,
126,87.5,653.5,3,regular,3,0,False,"[80, 77, 54]","[206, 207, 194]",,
127,87.5,811.5,3,regular,3,0,False,"[81, 61, 56]","[208, 209, 166]",,
128,89.5,139.5,3,regular,3,0,False,"[82, 52, 58]","[211, 210, 147]",,
129,90.5,147.5,3,regular,3,0,False,"[82, 62, 52]","[210, 214, 153]",,
130,92.5,241.5,3,regular,3,0,False,"[85, 57, 67]","[215, 216, 168]",,
131,92.5,917.5,3,regular,3,0,False,"[84, 41, 48]","[217, 213, 110]",,
132,93.5,245.5,3,regular,3,0,False,"[85, 79, 57]","[216, 218, 200]",,
133,94.5,621.5,3,regular,3,0,False,"[83, 80, 54]","[212, 219, 206]",,
134,96.5,963.5,3,regular,3,0,False,"[84, 69, 41]","[213, 221, 171]",,
135,97.5,149.5,3,regular,3,0,False,"[86, 62, 82]","[222, 220, 214]",,
136,97.5,594.5,3,regular,3,0,False,"[83, 54, 75]","[223, 212, 204]",,
137,100.5,424.5,3,regular,3,0,False,"[89, 13, 59]","[227, 226, 144]",,
138,100.5,430.5,3,regular,3,0,False,"[89, 66, 13]","[226, 228, 164]",,
139,101.5,-0.5,3,regular,2,0,True,"[87, 55, 623]","[229, 224, 131]",,
140,101.5,100.5,3,regular,3,0,False,"[88, 58, 42]","[230, 225, 159]",,
141,101.5,780.5,3,regular,3,0,False,"[81, 56, 71]","[231, 208, 178]",,
142,102.5,75.5,3,regular,3,0,False,"[88, 42, 76]","[232, 230, 192]",,
143,102.5,121.5,3,regular,3,0,False,"[88, 82, 58]","[225, 233, 211]",,
144,102.5,284.5,3,regular,3,0,False,"[79, 65, 38]","[201, 234, 173]",,
145,104.5,26.5,3,regular,3,0,False,"[87, 76, 55]","[224, 238, 202]",,
146,104.5,519.5,3,regular,3,0,False,"[91, 63, 68]","[236, 237, 191]",,
147,104.5,713.5,3,regular,3,0,False,"[90, 60, 72]","[235, 239, 185]",,
148,105.5,332.5,3,regular,3,0,False,"[92, 45, 73]","[240, 242, 186]",,
149,105.5,691.5,3,regular,3,0,False,"[90, 72, 77]","[243, 235, 205]",,
150,107.5,197.5,3,regular,3,0,False,"[85, 67, 62]","[244, 215, 193]",,
151,107.5,741.5,3,regular,3,0,False,"[94, 71, 60]","[245, 246, 184]",,
152,107.5,828.5,3,regular,3,0,False,"[93, 61, 81]","[247, 241, 209]",,
153,109.5,191.5,3,regular,3,0,False,"[86, 85, 62]","[220, 248, 244]",,
154,109.5,313.5,3,regular,3,0,False,"[65, 92, 73]","[188, 249, 240]",,
155,109.5,473.5,3,regular,3,0,False,"[68, 17, 74]","[250, 169, 198]",,
156,110.5,677.5,3,regular,3,0,False,"[90, 77, 80]","[251, 243, 207]",,
157,112.5,726.5,3,regular,3,0,False,"[90, 94, 60]","[239, 252, 245]",,
158,113.5,534.5,3,regular,3,0,False,"[91, 75, 63]","[237, 253, 203]",,
159,116.5,401.5,3,regular,3,0,False,"[89, 59, 45]","[257, 227, 161]",,
160,116.5,601.5,3,regular,3,0,False,"[96, 83, 75]","[255, 256, 223]",,
161,117.5,28.5,3,regular,3,0,False,"[97, 76, 87]","[258, 259, 238]",,
162,118.5,543.5,3,regular,3,0,False,"[95, 75, 91]","[262, 254, 253]",,
163,118.5,671.5,3,regular,3,0,False,"[83, 90, 80]","[219, 263, 251]",,
164,118.5,865.5,3,regular,3,0,False,"[98, 48, 61]","[260, 261, 196]",,
165,119.5,854.5,3,regular,3,0,False,"[98, 61, 93]","[264, 260, 241]",,
166,121.5,62.5,3,regular,3,0,False,"[100, 88, 76]","[267, 266, 232]",,
167,123.5,229.5,3,regular,3,0,False,"[99, 79, 85]","[265, 269, 218]",,
168,125.5,894.5,3,regular,3,0,False,"[101, 84, 48]","[268, 270, 217]",,
169,126.5,780.5,3,regular,3,0,False,"[102, 81, 71]","[272, 271, 231]",,
170,127.5,50.5,3,regular,3,0,False,"[97, 100, 76]","[259, 273, 267]",,
171,127.5,877.5,3,regular,3,0,False,"[101, 48, 98]","[274, 268, 261]",,
172,128.5,952.5,3,regular,3,0,False,"[103, 69, 84]","[276, 275, 221]",,
173,129.5,188.5,3,regular,3,0,False,"[104, 85, 86]","[277, 278, 248]",,
174,131.5,575.5,3,regular,3,0,False,"[95, 96, 75]","[254, 279, 255]",,
175,132.5,767.5,3,regular,3,0,False,"[105, 71, 94]","[280, 281, 246]",,
176,133.5,615.5,3,regular,3,0,False,"[106, 83, 96]","[285, 282, 256]",,
177,133.5,771.5,3,regular,3,0,False,"[105, 102, 71]","[281, 286, 272]",,
178,133.5,820.5,3,regular,3,0,False,"[107, 93, 81]","[283, 284, 247]",,
179,134.5,169.5,3,regular,3,0,False,"[82, 104, 86]","[222, 287, 277]",,
180,134.5,195.5,3,regular,3,0,False,"[104, 99, 85]","[278, 288, 265]",,
181,137.5,131.5,3,regular,3,0,False,"[108, 82, 88]","[289, 290, 233]",,
182,138.5,810.5,3,regular,3,0,False,"[102, 107, 81]","[271, 291, 283]",,
183,143.5,652.5,3,regular,3,0,False,"[106, 90, 83]","[282, 293, 263]",,
184,144.5,345.5,3,regular,3,0,False,"[111, 45, 92]","[299, 295, 242]",,
185,144.5,446.5,3,regular,3,0,False,"[112, 74, 66]","[296, 297, 189]",,
186,144.5,960.5,3,regular,3,0,False,"[84, 69, 103]","[276, 300, 275]",,
187,145.5,536.5,3,regular,3,0,False,"[113, 95, 91]","[298, 301, 262]",,
188,146.5,123.5,3,regular,3,0,False,"[110, 108, 88]","[294, 302, 289]",,
189,147.5,1023.5,3,regular,2,0,True,"[114, 623, 69]","[303, 304, 180]",,
190,148.5,455.5,3,regular,3,0,False,"[112, 68, 74]","[297, 305, 250]",,
191,149.5,5.5,3,regular,3,0,False,"[115, 97, 87]","[306, 310, 258]",,
192,149.5,79.5,3,regular,3,0,False,"[97, 88, 100]","[273, 307, 266]",,
193,149.5,963.5,3,regular,3,0,False,"[116, 69, 84]","[308, 309, 300]",,
194,150.5,166.5,3,regular,3,0,False,"[108, 104, 82]","[290, 311, 287]",,
195,150.5,811.5,3,regular,3,0,False,"[117, 107, 102]","[312, 313, 291]",,
196,151.5,403.5,3,regular,3,0,False,"[118, 89, 45]","[314, 315, 257]",,
197,151.5,438.5,3,regular,3,0,False,"[89, 112, 66]","[228, 316, 296]",,
198,153.5,-0.5,3,regular,2,0,True,"[115, 87, 623]","[320, 306, 229]",,
199,153.5,225.5,3,regular,3,0,False,"[120, 79, 99]","[318, 319, 269]",,
200,153.5,970.5,3,regular,3,0,False,"[116, 114, 69]","[309, 321, 303]",,
201,154.5,235.5,3,regular,3,0,False,"[120, 65, 79]","[319, 322, 234]",,
202,154.5,405.5,3,regular,3,0,False,"[121, 89, 118]","[323, 324, 315]",,
203,154.5,499.5,3,regular,3,0,False,"[119, 91, 68]","[317, 325, 236]",,
204,154.5,905.5,3,regular,3,0,False,"[116, 84, 101]","[326, 308, 270]",,
205,155.5,364.5,3,regular,3,0,False,"[121, 45, 111]","[330, 327, 295]",,
206,155.5,377.5,3,regular,3,0,False,"[121, 118, 45]","[327, 323, 314]",,
207,155.5,656.5,3,regular,3,0,False,"[122, 90, 106]","[331, 328, 293]",,
208,155.5,681.5,3,regular,3,0,False,"[122, 94, 90]","[328, 329, 252]",,
209,156.5,781.5,3,regular,3,0,False,"[117, 102, 105]","[333, 312, 286]",,
210,158.5,90.5,3,regular,3,0,False,"[97, 110, 88]","[307, 335, 294]",,
211,158.5,290.5,3,regular,3,0,False,"[123, 92, 65]","[334, 332, 249]",,
212,159.5,54.5,3,regular,3,0,False,"[115, 97, 109]","[336, 337, 292]",,
213,160.5,19.5,3,regular,3,0,False,"[115, 109, 97]","[310, 336, 292]",,
214,160.5,509.5,3,regular,3,0,False,"[119, 113, 91]","[325, 339, 298]",,
215,160.5,857.5,3,regular,3,0,False,"[101, 98, 93]","[338, 274, 264]",,
216,161.5,319.5,3,regular,3,0,False,"[123, 111, 92]","[332, 340, 299]",,
217,161.5,853.5,3,regular,3,0,False,"[107, 101, 93]","[284, 341, 338]",,
218,162.5,510.5,3,regular,3,0,False,"[124, 113, 119]","[343, 342, 339]",,
219,163.5,431.5,3,regular,3,0,False,"[125, 112, 89]","[344, 345, 316]",,
220,163.5,613.5,3,regular,3,0,False,"[95, 126, 96]","[279, 347, 346]",,
221,164.5,128.5,3,regular,3,0,False,"[127, 108, 110]","[349, 348, 302]",,
222,164.5,621.5,3,regular,3,0,False,"[126, 106, 96]","[346, 350, 285]",,
223,166.5,87.5,3,regular,3,0,False,"[115, 110, 97]","[337, 351, 335]",,
224,168.5,412.5,3,regular,3,0,False,"[125, 89, 121]","[352, 344, 324]",,
225,169.5,554.5,3,regular,3,0,False,"[128, 95, 113]","[356, 353, 301]",,
226,169.5,967.5,3,regular,3,0,False,"[130, 114, 116]","[355, 357, 321]",,
227,172.5,700.5,3,regular,3,0,False,"[122, 129, 94]","[329, 358, 354]",,
228,174.5,448.5,3,regular,3,0,False,"[68, 112, 125]","[361, 305, 345]",,
229,174.5,527.5,3,regular,3,0,False,"[131, 113, 124]","[359, 360, 342]",,
230,175.5,726.5,3,regular,3,0,False,"[129, 105, 94]","[354, 362, 280]",,
231,177.5,905.5,3,regular,3,0,False,"[130, 116, 101]","[365, 355, 326]",,
232,178.5,276.5,3,regular,3,0,False,"[120, 123, 65]","[322, 367, 334]",,
233,178.5,772.5,3,regular,3,0,False,"[133, 117, 105]","[364, 368, 333]",,
234,179.5,115.5,3,regular,3,0,False,"[115, 127, 110]","[351, 369, 349]",,
235,179.5,736.5,3,regular,3,0,False,"[129, 134, 105]","[362, 370, 366]",,
236,181.5,699.5,3,regular,3,0,False,"[135, 129, 122]","[372, 371, 358]",,
237,182.5,588.5,3,regular,3,0,False,"[136, 95, 128]","[373, 374, 353]",,
238,183.5,-0.5,3,regular,2,0,True,"[137, 115, 623]","[378, 375, 320]",,
239,183.5,646.5,3,regular,3,0,False,"[126, 122, 106]","[350, 379, 331]",,
240,183.5,756.5,3,regular,3,0,False,"[134, 133, 105]","[366, 380, 364]",,
241,184.5,19.5,3,regular,3,0,False,"[137, 138, 115]","[375, 381, 376]",,
242,184.5,964.5,3,regular,3,0,False,"[139, 114, 130]","[382, 377, 357]",,
243,186.5,176.5,3,regular,3,0,False,"[127, 104, 108]","[348, 383, 311]",,
244,186.5,202.5,3,regular,3,0,False,"[140, 99, 104]","[384, 385, 288]",,
245,187.5,183.5,3,regular,3,0,False,"[127, 140, 104]","[383, 386, 384]",,
246,189.5,884.5,3,regular,3,0,False,"[141, 132, 101]","[389, 387, 363]",,
247,189.5,1023.5,3,regular,2,0,True,"[142, 623, 114]","[388, 390, 304]",,
248,190.5,312.5,3,regular,3,0,False,"[123, 143, 111]","[340, 393, 391]",,
249,190.5,907.5,3,regular,3,0,False,"[132, 130, 101]","[363, 392, 365]",,
250,192.5,559.5,3,regular,3,0,False,"[145, 128, 113]","[395, 396, 356]",,
251,192.5,866.5,3,regular,3,0,False,"[141, 101, 107]","[397, 389, 341]",,
252,192.5,1009.5,3,regular,3,0,False,"[139, 142, 114]","[377, 398, 388]",,
253,194.5,326.5,3,regular,3,0,False,"[143, 144, 111]","[391, 401, 394]",,
254,194.5,537.5,3,regular,3,0,False,"[145, 113, 131]","[399, 395, 360]",,
255,194.5,658.5,3,regular,3,0,False,"[146, 122, 126]","[402, 400, 379]",,
256,195.5,281.5,3,regular,3,0,False,"[143, 123, 120]","[403, 393, 367]",,
257,196.5,396.5,3,regular,3,0,False,"[147, 125, 121]","[404, 405, 352]",,
258,197.5,355.5,3,regular,3,0,False,"[144, 121, 111]","[394, 407, 330]",,
259,197.5,678.5,3,regular,3,0,False,"[146, 135, 122]","[400, 408, 372]",,
260,198.5,794.5,3,regular,3,0,False,"[148, 117, 133]","[409, 406, 368]",,
261,198.5,820.5,3,regular,3,0,False,"[148, 107, 117]","[406, 410, 313]",,
262,199.5,471.5,3,regular,3,0,False,"[124, 119, 68]","[411, 343, 317]",,
263,201.5,72.5,3,regular,3,0,False,"[149, 115, 138]","[415, 412, 376]",,
264,201.5,865.5,3,regular,3,0,False,"[150, 141, 107]","[413, 416, 397]",,
265,202.5,264.5,3,regular,3,0,False,"[152, 143, 120]","[417, 418, 403]",,
266,202.5,827.5,3,regular,3,0,False,"[148, 151, 107]","[410, 419, 414]",,
267,203.5,725.5,3,regular,3,0,False,"[153, 134, 129]","[420, 421, 370]",,
268,205.5,711.5,3,regular,3,0,False,"[153, 129, 135]","[422, 420, 371]",,
269,206.5,857.5,3,regular,3,0,False,"[151, 150, 107]","[414, 423, 413]",,
270,208.5,762.5,3,regular,3,0,False,"[134, 148, 133]","[380, 424, 409]",,
271,210.5,100.5,3,regular,3,0,False,"[149, 127, 115]","[412, 427, 369]",,
272,210.5,426.5,3,regular,3,0,False,"[155, 68, 125]","[426, 428, 361]",,
273,211.5,20.5,3,regular,3,0,False,"[154, 138, 137]","[430, 425, 381]",,
274,211.5,623.5,3,regular,3,0,False,"[136, 126, 95]","[374, 429, 347]",,
275,213.5,760.5,3,regular,3,0,False,"[153, 148, 134]","[421, 432, 424]",,
276,214.5,357.5,3,regular,3,0,False,"[157, 121, 144]","[433, 434, 407]",,
277,214.5,695.5,3,regular,3,0,False,"[146, 153, 135]","[408, 435, 422]",,
278,216.5,188.5,3,regular,3,0,False,"[99, 140, 127]","[436, 385, 386]",,
279,216.5,411.5,3,regular,3,0,False,"[155, 125, 147]","[437, 426, 405]",,
280,217.5,594.5,3,regular,3,0,False,"[159, 136, 128]","[439, 440, 373]",,
281,218.5,55.5,3,regular,3,0,False,"[154, 149, 138]","[425, 442, 415]",,
282,219.5,433.5,3,regular,3,0,False,"[155, 158, 68]","[428, 445, 438]",,
283,219.5,928.5,3,regular,3,0,False,"[160, 130, 132]","[446, 441, 392]",,
284,219.5,944.5,3,regular,3,0,False,"[160, 139, 130]","[441, 444, 382]",,
285,220.5,307.5,3,regular,3,0,False,"[157, 144, 143]","[443, 433, 401]",,
286,220.5,507.5,3,regular,3,0,False,"[124, 145, 131]","[359, 447, 399]",,
287,221.5,366.5,3,regular,3,0,False,"[157, 147, 121]","[434, 448, 404]",,
288,221.5,455.5,3,regular,3,0,False,"[158, 124, 68]","[438, 449, 411]",,
289,221.5,643.5,3,regular,3,0,False,"[136, 146, 126]","[429, 450, 402]",,
290,222.5,186.5,3,regular,3,0,False,"[156, 99, 127]","[431, 453, 436]",,
291,222.5,278.5,3,regular,3,0,False,"[162, 143, 152]","[454, 452, 418]",,
292,224.5,643.5,3,regular,3,0,False,"[159, 146, 136]","[440, 455, 450]",,
293,225.5,286.5,3,regular,3,0,False,"[162, 157, 143]","[452, 456, 443]",,
294,225.5,582.5,3,regular,3,0,False,"[145, 159, 128]","[396, 457, 439]",,
295,227.5,134.5,3,regular,3,0,False,"[161, 156, 127]","[451, 459, 431]",,
296,229.5,1023.5,3,regular,2,0,True,"[139, 623, 142]","[398, 460, 390]",,
297,230.5,768.5,3,regular,3,0,False,"[163, 148, 153]","[461, 458, 432]",,
298,230.5,911.5,3,regular,3,0,False,"[160, 132, 141]","[462, 446, 387]",,
299,232.5,213.5,3,regular,3,0,False,"[152, 120, 99]","[463, 417, 318]",,
300,233.5,99.5,3,regular,3,0,False,"[149, 161, 127]","[427, 464, 451]",,
301,236.5,10.5,3,regular,3,0,False,"[149, 154, 137]","[465, 442, 430]",,
302,236.5,369.5,3,regular,3,0,False,"[164, 147, 157]","[466, 467, 448]",,
303,237.5,208.5,3,regular,3,0,False,"[156, 152, 99]","[453, 468, 463]",,
304,241.5,808.5,3,regular,3,0,False,"[165, 148, 163]","[469, 470, 458]",,
305,242.5,458.5,3,regular,3,0,False,"[166, 124, 158]","[471, 472, 449]",,
306,244.5,-0.5,3,regular,2,0,True,"[168, 137, 623]","[476, 474, 378]",,
307,244.5,1.5,3,regular,3,0,False,"[168, 149, 137]","[474, 475, 465]",,
308,245.5,83.5,3,regular,3,0,False,"[169, 161, 149]","[477, 480, 464]",,
309,246.5,212.5,3,regular,3,0,False,"[172, 152, 156]","[481, 482, 468]",,
310,246.5,508.5,3,regular,3,0,False,"[167, 145, 124]","[484, 473, 447]",,
311,246.5,694.5,3,regular,3,0,False,"[146, 171, 153]","[435, 485, 479]",,
312,246.5,829.5,3,regular,3,0,False,"[165, 151, 148]","[470, 483, 419]",,
313,246.5,887.5,3,regular,3,0,False,"[160, 141, 150]","[486, 462, 416]",,
314,247.5,214.5,3,regular,3,0,False,"[172, 162, 152]","[482, 490, 454]",,
315,247.5,438.5,3,regular,3,0,False,"[173, 158, 155]","[487, 488, 445]",,
316,248.5,276.5,3,regular,3,0,False,"[175, 157, 162]","[491, 492, 456]",,
317,248.5,434.5,3,regular,3,0,False,"[170, 173, 155]","[478, 493, 487]",,
318,249.5,443.5,3,regular,3,0,False,"[173, 166, 158]","[488, 494, 471]",,
319,251.5,678.5,3,regular,3,0,False,"[171, 146, 159]","[496, 485, 455]",,
320,252.5,400.5,3,regular,3,0,False,"[170, 155, 147]","[497, 478, 437]",,
321,252.5,747.5,3,regular,3,0,False,"[174, 163, 153]","[489, 498, 461]",,
322,254.5,504.5,3,regular,3,0,False,"[166, 167, 124]","[472, 499, 484]",,
323,254.5,837.5,3,regular,3,0,False,"[150, 151, 165]","[501, 423, 483]",,
324,256.5,160.5,3,regular,3,0,False,"[178, 156, 161]","[502, 503, 459]",,
325,257.5,583.5,3,regular,3,0,False,"[176, 159, 145]","[504, 495, 457]",,
326,258.5,966.5,3,regular,3,0,False,"[180, 139, 160]","[506, 507, 444]",,
327,259.5,392.5,3,regular,3,0,False,"[164, 170, 147]","[467, 508, 497]",,
328,262.5,80.5,3,regular,3,0,False,"[182, 161, 169]","[510, 511, 480]",,
329,262.5,714.5,3,regular,3,0,False,"[171, 174, 153]","[479, 512, 489]",,
330,263.5,888.5,3,regular,3,0,False,"[181, 160, 150]","[514, 509, 486]",,
331,263.5,911.5,3,regular,3,0,False,"[181, 177, 160]","[509, 515, 500]",,
332,263.5,945.5,3,regular,3,0,False,"[177, 181, 160]","[500, 515, 513]",,
333,263.5,959.5,3,regular,3,0,False,"[181, 180, 160]","[513, 516, 506]",,
334,264.5,258.5,3,regular,3,0,False,"[179, 175, 162]","[505, 517, 491]",,
335,264.5,768.5,3,regular,3,0,False,"[174, 165, 163]","[498, 518, 469]",,
336,265.5,171.5,3,regular,3,0,False,"[172, 156, 178]","[520, 481, 503]",,
337,265.5,576.5,3,regular,3,0,False,"[183, 176, 145]","[519, 521, 504]",,
338,267.5,1023.5,3,regular,2,0,True,"[180, 623, 139]","[507, 522, 460]",,
339,269.5,667.5,3,regular,3,0,False,"[176, 171, 159]","[495, 523, 496]",,
340,270.5,559.5,3,regular,3,0,False,"[183, 145, 167]","[524, 519, 473]",,
341,274.5,552.5,3,regular,3,0,False,"[166, 183, 167]","[499, 525, 524]",,
342,276.5,63.5,3,regular,3,0,False,"[184, 182, 169]","[527, 526, 510]",,
343,277.5,29.5,3,regular,3,0,False,"[168, 169, 149]","[475, 529, 477]",,
344,277.5,343.5,3,regular,3,0,False,"[170, 164, 157]","[528, 508, 466]",,
345,278.5,331.5,3,regular,3,0,False,"[170, 157, 175]","[530, 528, 492]",,
346,279.5,144.5,3,regular,3,0,False,"[185, 178, 161]","[531, 532, 502]",,
347,279.5,775.5,3,regular,3,0,False,"[186, 165, 174]","[534, 533, 518]",,
348,281.5,843.5,3,regular,3,0,False,"[187, 150, 165]","[535, 536, 501]",,
349,282.5,170.5,3,regular,3,0,False,"[185, 172, 178]","[532, 537, 520]",,
350,282.5,700.5,3,regular,3,0,False,"[188, 174, 171]","[538, 539, 512]",,
351,283.5,1023.5,3,regular,2,0,True,"[190, 623, 180]","[541, 542, 522]",,
352,286.5,89.5,3,regular,3,0,False,"[184, 161, 182]","[526, 544, 511]",,
353,287.5,859.5,3,regular,3,0,False,"[187, 181, 150]","[536, 545, 514]",,
354,288.5,673.5,3,regular,3,0,False,"[188, 171, 176]","[547, 538, 523]",,
355,289.5,740.5,3,regular,3,0,False,"[191, 186, 174]","[543, 548, 534]",,
356,290.5,720.5,3,regular,3,0,False,"[188, 191, 174]","[539, 550, 543]",,
357,291.5,590.5,3,regular,3,0,False,"[194, 176, 183]","[551, 552, 521]",,
358,293.5,455.5,3,regular,3,0,False,"[192, 166, 173]","[553, 546, 494]",,
359,294.5,403.5,3,regular,3,0,False,"[193, 173, 170]","[549, 554, 493]",,
360,295.5,-0.5,3,regular,2,0,True,"[169, 168, 623]","[555, 529, 476]",,
361,295.5,824.5,3,regular,3,0,False,"[186, 187, 165]","[533, 556, 535]",,
362,297.5,323.5,3,regular,3,0,False,"[195, 170, 175]","[557, 558, 530]",,
363,298.5,970.5,3,regular,3,0,False,"[196, 180, 181]","[560, 559, 516]",,
364,299.5,957.5,3,regular,3,0,False,"[197, 196, 181]","[561, 562, 560]",,
365,300.5,95.5,3,regular,3,0,False,"[184, 185, 161]","[544, 563, 531]",,
366,301.5,232.5,3,regular,3,0,False,"[199, 162, 172]","[566, 565, 490]",,
367,301.5,581.5,3,regular,3,0,False,"[166, 194, 183]","[525, 567, 551]",,
368,302.5,518.5,3,regular,3,0,False,"[201, 166, 192]","[569, 570, 546]",,
369,303.5,266.5,3,regular,3,0,False,"[162, 175, 179]","[505, 571, 517]",,
370,303.5,657.5,3,regular,3,0,False,"[202, 188, 176]","[574, 572, 547]",,
371,303.5,988.5,3,regular,3,0,False,"[196, 190, 180]","[559, 573, 541]",,
372,304.5,207.5,3,regular,3,0,False,"[200, 198, 172]","[568, 575, 564]",,
373,304.5,228.5,3,regular,3,0,False,"[198, 199, 172]","[564, 576, 566]",,
374,306.5,433.5,3,regular,3,0,False,"[193, 192, 173]","[554, 578, 553]",,
375,308.5,607.5,3,regular,3,0,False,"[204, 176, 194]","[580, 579, 552]",,
376,310.5,178.5,3,regular,3,0,False,"[200, 172, 185]","[581, 568, 537]",,
377,312.5,266.5,3,regular,3,0,False,"[199, 175, 162]","[565, 586, 571]",,
378,312.5,448.5,3,regular,3,0,False,"[207, 192, 193]","[584, 585, 578]",,
379,313.5,36.5,3,regular,3,0,False,"[203, 184, 169]","[588, 577, 527]",,
380,313.5,335.5,3,regular,3,0,False,"[205, 170, 195]","[582, 587, 558]",,
381,313.5,670.5,3,regular,3,0,False,"[202, 206, 188]","[572, 589, 583]",,
382,314.5,636.5,3,regular,3,0,False,"[204, 202, 176]","[579, 591, 574]",,
383,314.5,933.5,3,regular,3,0,False,"[208, 197, 181]","[590, 592, 561]",,
384,315.5,88.5,3,regular,3,0,False,"[203, 185, 184]","[577, 593, 563]",,
385,318.5,958.5,3,regular,3,0,False,"[208, 196, 197]","[592, 594, 562]",,
386,318.5,1023.5,3,regular,2,0,True,"[196, 623, 190]","[573, 595, 542]",,
387,319.5,358.5,3,regular,3,0,False,"[205, 193, 170]","[587, 598, 549]",,
388,319.5,822.5,3,regular,3,0,False,"[210, 187, 186]","[597, 599, 556]",,
389,320.5,462.5,3,regular,3,0,False,"[207, 201, 192]","[585, 601, 569]",,
390,320.5,723.5,3,regular,3,0,False,"[211, 191, 188]","[602, 600, 550]",,
391,322.5,175.5,3,regular,3,0,False,"[209, 200, 185]","[596, 603, 581]",,
392,323.5,360.5,3,regular,3,0,False,"[212, 193, 205]","[605, 604, 598]",,
393,323.5,704.5,3,regular,3,0,False,"[211, 188, 206]","[606, 602, 583]",,
394,324.5,807.5,3,regular,3,0,False,"[191, 210, 186]","[548, 609, 597]",,
395,325.5,581.5,3,regular,3,0,False,"[201, 194, 166]","[570, 610, 567]",,
396,329.5,280.5,3,regular,3,0,False,"[215, 195, 175]","[611, 614, 557]",,
397,329.5,926.5,3,regular,3,0,False,"[216, 208, 181]","[612, 613, 590]",,
398,331.5,589.5,3,regular,3,0,False,"[201, 217, 194]","[610, 616, 615]",,
399,331.5,594.5,3,regular,3,0,False,"[217, 204, 194]","[615, 617, 580]",,
400,331.5,895.5,3,regular,3,0,False,"[187, 216, 181]","[545, 618, 612]",,
401,334.5,191.5,3,regular,3,0,False,"[209, 198, 200]","[603, 619, 575]",,
402,335.5,47.5,3,regular,3,0,False,"[213, 203, 169]","[622, 607, 588]",,
403,335.5,121.5,3,regular,3,0,False,"[218, 185, 203]","[620, 623, 593]",,
404,335.5,262.5,3,regular,3,0,False,"[215, 175, 199]","[624, 611, 586]",,
405,335.5,329.5,3,regular,3,0,False,"[214, 205, 195]","[621, 608, 582]",,
406,336.5,355.5,3,regular,3,0,False,"[214, 212, 205]","[608, 625, 605]",,
407,337.5,355.5,3,regular,3,0,False,"[219, 212, 214]","[627, 626, 625]",,
408,338.5,1023.5,3,regular,2,0,True,"[220, 623, 196]","[628, 629, 595]",,
409,341.5,218.5,3,regular,3,0,False,"[221, 199, 198]","[630, 633, 576]",,
410,341.5,375.5,3,regular,3,0,False,"[219, 193, 212]","[626, 631, 604]",,
411,341.5,1008.5,3,regular,3,0,False,"[220, 196, 208]","[632, 628, 594]",,
412,342.5,199.5,3,regular,3,0,False,"[209, 221, 198]","[619, 635, 630]",,
413,342.5,644.5,3,regular,3,0,False,"[222, 202, 204]","[634, 636, 591]",,
414,344.5,142.5,3,regular,3,0,False,"[218, 209, 185]","[623, 639, 596]",,
415,344.5,533.5,3,regular,3,0,False,"[224, 217, 201]","[640, 638, 616]",,
416,345.5,955.5,3,regular,3,0,False,"[216, 220, 208]","[613, 641, 632]",,
417,346.5,623.5,3,regular,3,0,False,"[222, 204, 217]","[642, 634, 617]",,
418,349.5,84.5,3,regular,3,0,False,"[218, 203, 213]","[647, 620, 607]",,
419,349.5,291.5,3,regular,3,0,False,"[226, 223, 195]","[644, 648, 637]",,
420,349.5,451.5,3,regular,3,0,False,"[227, 201, 207]","[645, 646, 601]",,
421,350.5,45.5,3,regular,3,0,False,"[225, 213, 169]","[643, 649, 622]",,
422,350.5,312.5,3,regular,3,0,False,"[214, 195, 223]","[650, 621, 637]",,
423,351.5,283.5,3,regular,3,0,False,"[226, 195, 215]","[653, 644, 614]",,
424,351.5,434.5,3,regular,3,0,False,"[227, 207, 193]","[651, 645, 584]",,
425,351.5,694.5,3,regular,3,0,False,"[202, 228, 206]","[589, 654, 652]",,
426,352.5,-0.5,3,regular,2,0,True,"[225, 169, 623]","[655, 643, 555]",,
427,353.5,737.5,3,regular,3,0,False,"[229, 211, 206]","[657, 656, 606]",,
428,354.5,197.5,3,regular,3,0,False,"[230, 221, 209]","[658, 659, 635]",,
429,356.5,456.5,3,regular,3,0,False,"[232, 201, 227]","[661, 662, 646]",,
430,356.5,692.5,3,regular,3,0,False,"[222, 228, 202]","[636, 664, 654]",,
431,358.5,422.5,3,regular,3,0,False,"[231, 227, 193]","[660, 665, 651]",,
432,358.5,786.5,3,regular,3,0,False,"[233, 191, 211]","[667, 663, 600]",,
433,359.5,238.5,3,regular,3,0,False,"[221, 215, 199]","[633, 668, 624]",,
434,359.5,715.5,3,regular,3,0,False,"[228, 229, 206]","[652, 670, 657]",,
435,359.5,786.5,3,regular,3,0,False,"[229, 233, 211]","[656, 671, 667]",,
436,360.5,499.5,3,regular,3,0,False,"[232, 224, 201]","[662, 672, 640]",,
437,360.5,623.5,3,regular,3,0,False,"[234, 222, 217]","[666, 673, 642]",,
438,361.5,829.5,3,regular,3,0,False,"[233, 210, 191]","[663, 675, 609]",,
439,361.5,894.5,3,regular,3,0,False,"[235, 216, 187]","[669, 676, 618]",,
440,362.5,142.5,3,regular,3,0,False,"[236, 209, 218]","[678, 674, 639]",,
441,362.5,334.5,3,regular,3,0,False,"[223, 219, 214]","[650, 679, 627]",,
442,363.5,50.5,3,regular,3,0,False,"[237, 213, 225]","[683, 677, 649]",,
443,363.5,591.5,3,regular,3,0,False,"[238, 234, 217]","[680, 681, 666]",,
444,365.5,387.5,3,regular,3,0,False,"[219, 231, 193]","[631, 685, 660]",,
445,365.5,513.5,3,regular,3,0,False,"[240, 224, 232]","[686, 684, 672]",,
446,366.5,61.5,3,regular,3,0,False,"[237, 241, 213]","[677, 689, 687]",,
447,366.5,904.5,3,regular,3,0,False,"[235, 239, 216]","[676, 690, 682]",,
448,367.5,74.5,3,regular,3,0,False,"[241, 218, 213]","[687, 693, 647]",,
449,367.5,432.5,3,regular,3,0,False,"[243, 227, 231]","[691, 692, 665]",,
450,368.5,523.5,3,regular,3,0,False,"[240, 217, 224]","[684, 695, 638]",,
451,368.5,854.5,3,regular,3,0,False,"[235, 187, 210]","[694, 669, 599]",,
452,372.5,87.5,3,regular,3,0,False,"[241, 242, 218]","[693, 697, 688]",,
453,374.5,178.5,3,regular,3,0,False,"[236, 230, 209]","[674, 700, 658]",,
454,374.5,455.5,3,regular,3,0,False,"[243, 232, 227]","[692, 699, 661]",,
455,374.5,610.5,3,regular,3,0,False,"[238, 244, 234]","[681, 701, 696]",,
456,374.5,840.5,3,regular,3,0,False,"[235, 210, 233]","[702, 694, 675]",,
457,375.5,129.5,3,regular,3,0,False,"[247, 236, 218]","[704, 705, 678]",,
458,376.5,122.5,3,regular,3,0,False,"[247, 218, 242]","[707, 704, 688]",,
459,377.5,652.5,3,regular,3,0,False,"[248, 222, 234]","[708, 706, 673]",,
460,377.5,1023.5,3,regular,2,0,True,"[216, 623, 220]","[641, 709, 629]",,
461,379.5,-0.5,3,regular,2,0,True,"[246, 225, 623]","[714, 703, 655]",,
462,379.5,545.5,3,regular,3,0,False,"[250, 251, 217]","[711, 715, 712]",,
463,379.5,942.5,3,regular,3,0,False,"[239, 249, 216]","[682, 716, 710]",,
464,382.5,340.5,3,regular,3,0,False,"[223, 245, 219]","[679, 717, 698]",,
465,382.5,371.5,3,regular,3,0,False,"[245, 231, 219]","[698, 718, 685]",,
466,382.5,795.5,3,regular,3,0,False,"[228, 233, 229]","[670, 719, 671]",,
467,383.5,517.5,3,regular,3,0,False,"[250, 217, 240]","[721, 711, 695]",,
468,384.5,492.5,3,regular,3,0,False,"[254, 240, 232]","[722, 723, 686]",,
469,384.5,709.5,3,regular,3,0,False,"[253, 228, 222]","[724, 720, 664]",,
470,385.5,44.5,3,regular,3,0,False,"[246, 237, 225]","[703, 725, 683]",,
471,385.5,256.5,3,regular,3,0,False,"[221, 226, 215]","[668, 726, 653]",,
472,386.5,474.5,3,regular,3,0,False,"[254, 232, 243]","[728, 722, 699]",,
473,386.5,959.5,3,regular,3,0,False,"[255, 216, 249]","[729, 727, 710]",,
474,387.5,80.5,3,regular,3,0,False,"[237, 242, 241]","[689, 730, 697]",,
475,387.5,624.5,3,regular,3,0,False,"[238, 234, 244]","[701, 731, 696]",,
476,387.5,989.5,3,regular,3,0,False,"[255, 252, 216]","[727, 732, 713]",,
477,388.5,827.5,3,regular,3,0,False,"[256, 235, 233]","[733, 734, 702]",,
478,389.5,236.5,3,regular,3,0,False,"[226, 221, 230]","[735, 726, 659]",,
479,390.5,706.5,3,regular,3,0,False,"[248, 253, 222]","[706, 736, 724]",,
480,394.5,89.5,3,regular,3,0,False,"[237, 258, 242]","[730, 740, 738]",,
481,394.5,169.5,3,regular,3,0,False,"[230, 236, 247]","[739, 700, 705]",,
482,394.5,801.5,3,regular,3,0,False,"[256, 233, 228]","[741, 733, 719]",,
483,394.5,914.5,3,regular,3,0,False,"[249, 239, 235]","[742, 716, 690]",,
484,395.5,334.5,3,regular,3,0,False,"[259, 245, 223]","[743, 744, 717]",,
485,396.5,110.5,3,regular,3,0,False,"[258, 247, 242]","[738, 745, 707]",,
486,397.5,292.5,3,regular,3,0,False,"[259, 223, 226]","[746, 743, 648]",,
487,397.5,1023.5,3,regular,2,0,True,"[252, 623, 216]","[713, 747, 709]",,
488,398.5,521.5,3,regular,3,0,False,"[254, 250, 240]","[723, 748, 721]",,
489,399.5,910.5,3,regular,3,0,False,"[257, 249, 235]","[737, 749, 742]",,
490,400.5,335.5,3,regular,3,0,False,"[260, 245, 259]","[750, 751, 744]",,
491,402.5,534.5,3,regular,3,0,False,"[254, 251, 250]","[748, 756, 715]",,
492,402.5,657.5,3,regular,3,0,False,"[238, 248, 234]","[731, 753, 708]",,
493,402.5,961.5,3,regular,3,0,False,"[262, 255, 249]","[754, 755, 729]",,
494,404.5,752.5,3,regular,3,0,False,"[263, 228, 253]","[758, 757, 720]",,
495,406.5,144.5,3,regular,3,0,False,"[258, 230, 247]","[745, 759, 739]",,
496,407.5,591.5,3,regular,3,0,False,"[264, 217, 251]","[761, 760, 712]",,
497,408.5,856.5,3,regular,3,0,False,"[228, 235, 256]","[741, 762, 734]",,
498,412.5,883.5,3,regular,3,0,False,"[265, 257, 235]","[763, 764, 737]",,
499,414.5,243.5,3,regular,3,0,False,"[267, 268, 226]","[766, 770, 767]",,
500,414.5,580.5,3,regular,3,0,False,"[269, 264, 251]","[768, 771, 761]",,
501,414.5,622.5,3,regular,3,0,False,"[270, 238, 217]","[772, 769, 680]",,
502,414.5,891.5,3,regular,3,0,False,"[265, 266, 257]","[764, 773, 765]",,
503,414.5,1023.5,3,regular,2,0,True,"[255, 623, 252]","[732, 774, 747]",,
504,415.5,239.5,3,regular,3,0,False,"[267, 226, 230]","[775, 766, 735]",,
505,417.5,527.5,3,regular,3,0,False,"[271, 251, 254]","[776, 778, 756]",,
506,418.5,235.5,3,regular,3,0,False,"[261, 267, 230]","[752, 780, 775]",,
507,418.5,374.5,3,regular,3,0,False,"[272, 231, 245]","[777, 781, 718]",,
508,419.5,162.5,3,regular,3,0,False,"[273, 230, 258]","[784, 779, 759]",,
509,419.5,618.5,3,regular,3,0,False,"[264, 270, 217]","[760, 785, 772]",,
510,419.5,710.5,3,regular,3,0,False,"[274, 253, 248]","[782, 783, 736]",,
511,419.5,926.5,3,regular,3,0,False,"[266, 249, 257]","[765, 786, 749]",,
512,420.5,872.5,3,regular,3,0,False,"[228, 265, 235]","[762, 787, 763]",,
513,421.5,678.5,3,regular,3,0,False,"[238, 274, 248]","[753, 788, 782]",,
514,423.5,381.5,3,regular,3,0,False,"[272, 243, 231]","[781, 791, 691]",,
515,423.5,542.5,3,regular,3,0,False,"[271, 269, 251]","[778, 792, 768]",,
516,423.5,750.5,3,regular,3,0,False,"[274, 263, 253]","[783, 793, 758]",,
517,423.5,956.5,3,regular,3,0,False,"[275, 262, 249]","[789, 790, 754]",,
518,425.5,952.5,3,regular,3,0,False,"[266, 275, 249]","[786, 795, 789]",,
519,430.5,496.5,3,regular,3,0,False,"[271, 254, 243]","[799, 776, 728]",,
520,430.5,637.5,3,regular,3,0,False,"[277, 238, 270]","[800, 796, 769]",,
521,430.5,905.5,3,regular,3,0,False,"[278, 266, 265]","[797, 798, 773]",,
522,430.5,1023.5,3,regular,2,0,True,"[262, 623, 255]","[755, 801, 774]",,
523,432.5,274.5,3,regular,3,0,False,"[279, 259, 226]","[802, 803, 746]",,
524,432.5,496.5,3,regular,3,0,False,"[280, 271, 243]","[805, 804, 799]",,
525,433.5,191.5,3,regular,3,0,False,"[273, 261, 230]","[779, 806, 752]",,
526,433.5,351.5,3,regular,3,0,False,"[272, 245, 260]","[807, 777, 751]",,
527,435.5,45.5,3,regular,3,0,False,"[281, 237, 246]","[811, 808, 725]",,
528,435.5,676.5,3,regular,3,0,False,"[282, 274, 238]","[809, 810, 788]",,
529,437.5,267.5,3,regular,3,0,False,"[268, 279, 226]","[767, 812, 802]",,
530,439.5,43.5,3,regular,3,0,False,"[283, 281, 246]","[813, 817, 811]",,
531,439.5,385.5,3,regular,3,0,False,"[284, 243, 272]","[814, 815, 791]",,
532,439.5,760.5,3,regular,3,0,False,"[285, 263, 274]","[816, 818, 793]",,
533,440.5,441.5,3,regular,3,0,False,"[286, 243, 276]","[819, 820, 794]",,
534,442.5,346.5,3,regular,3,0,False,"[287, 272, 260]","[821, 824, 807]",,
535,442.5,406.5,3,regular,3,0,False,"[288, 276, 243]","[822, 825, 794]",,
536,442.5,670.5,3,regular,3,0,False,"[277, 282, 238]","[796, 826, 809]",,
537,444.5,98.5,3,regular,3,0,False,"[290, 258, 237]","[827, 828, 740]",,
538,444.5,400.5,3,regular,3,0,False,"[288, 243, 284]","[829, 822, 815]",,
539,446.5,768.5,3,regular,3,0,False,"[285, 289, 263]","[818, 834, 823]",,
540,446.5,879.5,3,regular,3,0,False,"[292, 265, 228]","[832, 833, 787]",,
541,448.5,91.5,3,regular,3,0,False,"[281, 290, 237]","[808, 835, 827]",,
542,448.5,817.5,3,regular,3,0,False,"[289, 228, 263]","[823, 830, 757]",,
543,449.5,197.5,3,regular,3,0,False,"[293, 261, 273]","[836, 837, 806]",,
544,451.5,496.5,3,regular,3,0,False,"[294, 280, 243]","[838, 839, 805]",,
545,452.5,124.5,3,regular,3,0,False,"[290, 273, 258]","[828, 840, 784]",,
546,452.5,199.5,3,regular,3,0,False,"[267, 261, 293]","[842, 780, 837]",,
547,452.5,739.5,3,regular,3,0,False,"[295, 285, 274]","[841, 843, 816]",,
548,454.5,732.5,3,regular,3,0,False,"[282, 295, 274]","[810, 844, 841]",,
549,457.5,857.5,3,regular,3,0,False,"[289, 292, 228]","[830, 848, 832]",,
550,457.5,965.5,3,regular,3,0,False,"[297, 275, 266]","[846, 847, 795]",,
551,458.5,-0.5,3,regular,2,0,True,"[283, 246, 623]","[849, 813, 714]",,
552,460.5,231.5,3,regular,3,0,False,"[296, 268, 267]","[845, 853, 770]",,
553,460.5,582.5,3,regular,3,0,False,"[271, 298, 269]","[792, 854, 850]",,
554,460.5,585.5,3,regular,3,0,False,"[298, 264, 269]","[850, 851, 771]",,
555,460.5,907.5,3,regular,3,0,False,"[299, 278, 265]","[855, 852, 797]",,
556,462.5,371.5,3,regular,3,0,False,"[287, 284, 272]","[824, 857, 814]",,
557,462.5,625.5,3,regular,3,0,False,"[298, 270, 264]","[851, 858, 785]",,
558,463.5,900.5,3,regular,3,0,False,"[292, 299, 265]","[833, 859, 855]",,
559,464.5,946.5,3,regular,3,0,False,"[297, 266, 278]","[860, 846, 798]",,
560,467.5,945.5,3,regular,3,0,False,"[302, 297, 278]","[862, 863, 860]",,
561,468.5,464.5,3,regular,3,0,False,"[286, 303, 243]","[820, 865, 864]",,
562,468.5,553.5,3,regular,3,0,False,"[280, 300, 271]","[804, 866, 856]",,
563,470.5,294.5,3,regular,3,0,False,"[279, 260, 259]","[803, 867, 750]",,
564,471.5,394.5,3,regular,3,0,False,"[287, 288, 284]","[857, 868, 829]",,
565,471.5,487.5,3,regular,3,0,False,"[303, 294, 243]","[864, 869, 838]",,
566,472.5,582.5,3,regular,3,0,False,"[300, 298, 271]","[856, 870, 854]",,
567,474.5,112.5,3,regular,3,0,False,"[305, 290, 281]","[873, 872, 835]",,
568,474.5,115.5,3,regular,3,0,False,"[305, 273, 290]","[872, 874, 840]",,
569,474.5,165.5,3,regular,3,0,False,"[293, 273, 291]","[875, 836, 831]",,
570,477.5,396.5,3,regular,3,0,False,"[306, 288, 287]","[876, 877, 868]",,
571,477.5,658.5,3,regular,3,0,False,"[270, 304, 277]","[800, 878, 871]",,
572,478.5,796.5,3,regular,3,0,False,"[307, 289, 285]","[881, 879, 834]",,
573,478.5,798.5,3,regular,3,0,False,"[307, 301, 289]","[879, 880, 861]",,
574,479.5,247.5,3,regular,3,0,False,"[308, 279, 268]","[882, 883, 812]",,
575,479.5,929.5,3,regular,3,0,False,"[302, 278, 299]","[885, 862, 852]",,
576,482.5,295.5,3,regular,3,0,False,"[310, 260, 279]","[886, 887, 867]",,
577,483.5,858.5,3,regular,3,0,False,"[301, 292, 289]","[861, 888, 848]",,
578,485.5,300.5,3,regular,3,0,False,"[309, 260, 310]","[889, 884, 887]",,
579,485.5,454.5,3,regular,3,0,False,"[276, 303, 286]","[819, 890, 865]",,
580,486.5,591.5,3,regular,3,0,False,"[311, 298, 300]","[892, 891, 870]",,
581,488.5,490.5,3,regular,3,0,False,"[312, 294, 303]","[893, 894, 869]",,
582,489.5,280.5,3,regular,3,0,False,"[310, 279, 308]","[896, 886, 883]",,
583,489.5,794.5,3,regular,3,0,False,"[313, 307, 285]","[895, 897, 881]",,
584,490.5,239.5,3,regular,3,0,False,"[308, 268, 296]","[898, 882, 853]",,
585,494.5,-0.5,3,regular,2,0,True,"[314, 283, 623]","[904, 900, 849]",,
586,494.5,183.5,3,regular,3,0,False,"[315, 267, 293]","[905, 901, 842]",,
587,494.5,657.5,3,regular,3,0,False,"[316, 304, 270]","[902, 903, 878]",,
588,495.5,456.5,3,regular,3,0,False,"[318, 303, 276]","[907, 908, 890]",,
589,496.5,551.5,3,regular,3,0,False,"[319, 300, 280]","[910, 909, 866]",,
590,497.5,14.5,3,regular,3,0,False,"[314, 317, 283]","[900, 911, 906]",,
591,497.5,129.5,3,regular,3,0,False,"[305, 291, 273]","[874, 912, 831]",,
592,498.5,38.5,3,regular,3,0,False,"[317, 281, 283]","[906, 913, 817]",,
593,498.5,860.5,3,regular,3,0,False,"[307, 292, 301]","[880, 914, 888]",,
594,498.5,1023.5,3,regular,2,0,True,"[275, 623, 262]","[790, 915, 801]",,
595,499.5,710.5,3,regular,3,0,False,"[320, 282, 277]","[917, 916, 826]",,
596,500.5,206.5,3,regular,3,0,False,"[315, 296, 267]","[901, 922, 845]",,
597,500.5,590.5,3,regular,3,0,False,"[321, 311, 300]","[918, 919, 892]",,
598,500.5,632.5,3,regular,3,0,False,"[311, 270, 298]","[891, 920, 858]",,
599,500.5,1005.5,3,regular,3,0,False,"[322, 275, 297]","[923, 921, 847]",,
600,501.5,435.5,3,regular,3,0,False,"[318, 276, 288]","[924, 907, 825]",,
601,502.5,699.5,3,regular,3,0,False,"[304, 320, 277]","[871, 925, 917]",,
602,502.5,762.5,3,regular,3,0,False,"[282, 285, 295]","[844, 926, 843]",,
603,504.5,377.5,3,regular,3,0,False,"[323, 306, 287]","[927, 928, 876]",,
604,504.5,531.5,3,regular,3,0,False,"[294, 319, 280]","[839, 929, 910]",,
605,505.5,467.5,3,regular,3,0,False,"[312, 303, 318]","[930, 893, 908]",,
606,507.5,903.5,3,regular,3,0,False,"[325, 299, 292]","[932, 933, 859]",,
607,508.5,166.5,3,regular,3,0,False,"[315, 293, 291]","[934, 905, 875]",,
608,508.5,423.5,3,regular,3,0,False,"[324, 288, 306]","[935, 931, 877]",,
609,509.5,431.5,3,regular,3,0,False,"[324, 318, 288]","[931, 936, 924]",,
610,509.5,582.5,3,regular,3,0,False,"[319, 321, 300]","[909, 937, 918]",,
611,509.5,1023.5,3,regular,2,0,True,"[322, 623, 275]","[921, 938, 915]",,
612,510.5,782.5,3,regular,3,0,False,"[282, 313, 285]","[926, 939, 895]",,
613,510.5,850.5,3,regular,3,0,False,"[292, 307, 313]","[940, 914, 897]",,
614,511.5,533.5,3,regular,3,0,False,"[327, 319, 294]","[942, 943, 929]",,
615,512.5,340.5,3,regular,3,0,False,"[260, 326, 287]","[821, 944, 941]",,
616,516.5,45.5,3,regular,3,0,False,"[328, 281, 317]","[945, 946, 913]",,
617,516.5,521.5,3,regular,3,0,False,"[312, 327, 294]","[894, 947, 942]",,
618,518.5,105.5,3,regular,3,0,False,"[329, 305, 281]","[948, 949, 873]",,
619,518.5,386.5,3,regular,3,0,False,"[323, 331, 306]","[928, 952, 951]",,
620,519.5,201.5,3,regular,3,0,False,"[330, 296, 315]","[950, 953, 922]",,
621,519.5,231.5,3,regular,3,0,False,"[332, 308, 296]","[954, 955, 898]",,
622,519.5,360.5,3,regular,3,0,False,"[326, 323, 287]","[941, 956, 927]",,
623,520.5,633.5,3,regular,3,0,False,"[270, 311, 321]","[957, 920, 919]",,
624,522.5,519.5,3,regular,3,0,False,"[333, 327, 312]","[958, 959, 947]",,
625,523.5,975.5,3,regular,3,0,False,"[302, 334, 297]","[863, 961, 960]",,
626,524.5,117.5,3,regular,3,0,False,"[291, 305, 329]","[963, 912, 949]",,
627,524.5,700.5,3,regular,3,0,False,"[316, 320, 304]","[903, 962, 925]",,
628,525.5,328.5,3,regular,3,0,False,"[326, 260, 309]","[964, 944, 884]",,
629,525.5,411.5,3,regular,3,0,False,"[331, 324, 306]","[951, 965, 935]",,
630,526.5,999.5,3,regular,3,0,False,"[334, 322, 297]","[960, 966, 923]",,
631,527.5,208.5,3,regular,3,0,False,"[332, 296, 330]","[968, 954, 953]",,
632,527.5,846.5,3,regular,3,0,False,"[335, 292, 313]","[967, 969, 940]",,
633,529.5,299.5,3,regular,3,0,False,"[336, 309, 310]","[970, 971, 889]",,
634,529.5,894.5,3,regular,3,0,False,"[337, 325, 292]","[972, 973, 932]",,
635,532.5,323.5,3,regular,3,0,False,"[338, 326, 309]","[974, 975, 964]",,
636,532.5,631.5,3,regular,3,0,False,"[339, 270, 321]","[976, 977, 957]",,
637,534.5,972.5,3,regular,3,0,False,"[340, 334, 302]","[979, 978, 961]",,
638,536.5,252.5,3,regular,3,0,False,"[332, 310, 308]","[955, 980, 896]",,
639,536.5,313.5,3,regular,3,0,False,"[338, 309, 336]","[981, 974, 971]",,
640,538.5,628.5,3,regular,3,0,False,"[341, 339, 321]","[982, 983, 976]",,
641,539.5,9.5,3,regular,3,0,False,"[314, 328, 317]","[911, 985, 945]",,
642,539.5,564.5,3,regular,3,0,False,"[327, 342, 319]","[943, 986, 984]",,
643,540.5,143.5,3,regular,3,0,False,"[343, 315, 291]","[987, 990, 934]",,
644,540.5,506.5,3,regular,3,0,False,"[318, 333, 312]","[930, 991, 958]",,
645,540.5,589.5,3,regular,3,0,False,"[344, 321, 319]","[988, 989, 937]",,
646,542.5,114.5,3,regular,3,0,False,"[345, 291, 329]","[992, 993, 963]",,
647,542.5,587.5,3,regular,3,0,False,"[342, 344, 319]","[984, 994, 988]",,
648,544.5,96.5,3,regular,3,0,False,"[345, 329, 281]","[995, 992, 948]",,
649,545.5,677.5,3,regular,3,0,False,"[339, 316, 270]","[977, 996, 902]",,
650,545.5,733.5,3,regular,3,0,False,"[346, 320, 316]","[998, 997, 962]",,
651,546.5,788.5,3,regular,3,0,False,"[347, 313, 282]","[999, 1000, 939]",,
652,548.5,159.5,3,regular,3,0,False,"[343, 330, 315]","[990, 1001, 950]",,
653,548.5,604.5,3,regular,3,0,False,"[344, 341, 321]","[989, 1002, 982]",,
654,549.5,48.5,3,regular,3,0,False,"[281, 328, 314]","[1006, 946, 985]",,
655,549.5,809.5,3,regular,3,0,False,"[349, 335, 313]","[1004, 1005, 967]",,
656,549.5,960.5,3,regular,3,0,False,"[299, 340, 302]","[885, 1007, 979]",,
657,550.5,453.5,3,regular,3,0,False,"[348, 318, 324]","[1008, 1003, 936]",,
658,550.5,944.5,3,regular,3,0,False,"[350, 299, 325]","[1010, 1009, 933]",,
659,551.5,328.5,3,regular,3,0,False,"[351, 326, 338]","[1012, 1011, 975]",,
660,552.5,254.5,3,regular,3,0,False,"[352, 310, 332]","[1013, 1016, 980]",,
661,552.5,685.5,3,regular,3,0,False,"[353, 316, 339]","[1014, 1015, 996]",,
662,552.5,796.5,3,regular,3,0,False,"[347, 349, 313]","[1000, 1017, 1004]",,
663,553.5,764.5,3,regular,3,0,False,"[347, 282, 320]","[1018, 999, 916]",,
664,555.5,434.5,3,regular,3,0,False,"[348, 324, 331]","[1020, 1008, 965]",,
665,555.5,540.5,3,regular,3,0,False,"[342, 327, 333]","[1021, 986, 959]",,
666,556.5,200.5,3,regular,3,0,False,"[355, 332, 330]","[1022, 1023, 968]",,
667,556.5,279.5,3,regular,3,0,False,"[354, 336, 310]","[1019, 1024, 970]",,
668,556.5,761.5,3,regular,3,0,False,"[346, 347, 320]","[997, 1025, 1018]",,
669,558.5,114.5,3,regular,3,0,False,"[343, 291, 345]","[1027, 987, 993]",,
670,559.5,871.5,3,regular,3,0,False,"[356, 337, 292]","[1026, 1028, 972]",,
671,560.5,539.5,3,regular,3,0,False,"[357, 342, 333]","[1029, 1030, 1021]",,
672,560.5,648.5,3,regular,3,0,False,"[358, 339, 341]","[1031, 1032, 983]",,
673,561.5,864.5,3,regular,3,0,False,"[335, 356, 292]","[969, 1035, 1026]",,
674,561.5,1016.5,3,regular,3,0,False,"[359, 322, 334]","[1033, 1034, 966]",,
675,561.5,1023.5,3,regular,2,0,True,"[359, 623, 322]","[1034, 1036, 938]",,
676,562.5,53.5,3,regular,3,0,False,"[360, 281, 314]","[1037, 1038, 1006]",,
677,562.5,222.5,3,regular,3,0,False,"[355, 352, 332]","[1023, 1040, 1013]",,
678,562.5,259.5,3,regular,3,0,False,"[354, 310, 352]","[1041, 1019, 1016]",,
679,563.5,-0.5,3,regular,2,0,True,"[362, 314, 623]","[1044, 1042, 904]",,
680,563.5,55.5,3,regular,3,0,False,"[360, 345, 281]","[1038, 1045, 995]",,
681,563.5,351.5,3,regular,3,0,False,"[361, 323, 326]","[1046, 1039, 956]",,
682,564.5,99.5,3,regular,3,0,False,"[363, 343, 345]","[1043, 1047, 1027]",,
683,567.5,342.5,3,regular,3,0,False,"[361, 326, 351]","[1050, 1046, 1011]",,
684,567.5,522.5,3,regular,3,0,False,"[364, 333, 318]","[1051, 1048, 991]",,
685,567.5,916.5,3,regular,3,0,False,"[365, 325, 337]","[1052, 1049, 973]",,
686,568.5,400.5,3,regular,3,0,False,"[366, 331, 323]","[1054, 1053, 952]",,
687,570.5,415.5,3,regular,3,0,False,"[366, 348, 331]","[1053, 1058, 1020]",,
688,570.5,530.5,3,regular,3,0,False,"[364, 357, 333]","[1048, 1059, 1029]",,
689,570.5,581.5,3,regular,3,0,False,"[367, 344, 342]","[1056, 1057, 994]",,
690,571.5,517.5,3,regular,3,0,False,"[348, 364, 318]","[1003, 1061, 1051]",,
691,571.5,930.5,3,regular,3,0,False,"[365, 350, 325]","[1049, 1062, 1010]",,
692,573.5,613.5,3,regular,3,0,False,"[369, 341, 344]","[1065, 1063, 1002]",,
693,573.5,687.5,3,regular,3,0,False,"[358, 353, 339]","[1032, 1064, 1014]",,
694,573.5,887.5,3,regular,3,0,False,"[356, 368, 337]","[1028, 1066, 1060]",,
695,573.5,899.5,3,regular,3,0,False,"[368, 365, 337]","[1060, 1067, 1052]",,
696,573.5,962.5,3,regular,3,0,False,"[350, 340, 299]","[1009, 1068, 1007]",,
697,574.5,186.5,3,regular,3,0,False,"[370, 355, 330]","[1069, 1070, 1022]",,
698,574.5,629.5,3,regular,3,0,False,"[369, 358, 341]","[1063, 1072, 1031]",,
699,574.5,962.5,3,regular,3,0,False,"[371, 340, 350]","[1073, 1071, 1068]",,
700,574.5,992.5,3,regular,3,0,False,"[359, 334, 340]","[1074, 1033, 978]",,
701,575.5,224.5,3,regular,3,0,False,"[355, 372, 352]","[1040, 1076, 1075]",,
702,578.5,29.5,3,regular,3,0,False,"[362, 360, 314]","[1042, 1077, 1037]",,
703,578.5,179.5,3,regular,3,0,False,"[370, 330, 343]","[1078, 1069, 1001]",,
704,578.5,573.5,3,regular,3,0,False,"[357, 367, 342]","[1030, 1079, 1056]",,
705,579.5,767.5,3,regular,3,0,False,"[349, 347, 346]","[1081, 1017, 1025]",,
706,584.5,740.5,3,regular,3,0,False,"[375, 346, 316]","[1086, 1083, 998]",,
707,584.5,838.5,3,regular,3,0,False,"[376, 335, 349]","[1084, 1085, 1005]",,
708,584.5,843.5,3,regular,3,0,False,"[376, 356, 335]","[1085, 1087, 1035]",,
709,586.5,245.5,3,regular,3,0,False,"[372, 354, 352]","[1075, 1088, 1041]",,
710,587.5,55.5,3,regular,3,0,False,"[363, 345, 360]","[1089, 1043, 1045]",,
711,587.5,594.5,3,regular,3,0,False,"[367, 369, 344]","[1057, 1091, 1065]",,
712,587.5,635.5,3,regular,3,0,False,"[369, 377, 358]","[1072, 1092, 1090]",,
713,587.5,981.5,3,regular,3,0,False,"[359, 340, 371]","[1093, 1074, 1071]",,
714,589.5,51.5,3,regular,3,0,False,"[362, 363, 360]","[1077, 1094, 1089]",,
715,591.5,728.5,3,regular,3,0,False,"[375, 316, 353]","[1096, 1086, 1015]",,
716,591.5,941.5,3,regular,3,0,False,"[378, 350, 365]","[1097, 1095, 1062]",,
717,591.5,960.5,3,regular,3,0,False,"[378, 371, 350]","[1095, 1098, 1073]",,
718,593.5,167.5,3,regular,3,0,False,"[374, 370, 343]","[1082, 1102, 1078]",,
719,593.5,285.5,3,regular,3,0,False,"[380, 338, 336]","[1100, 1101, 981]",,
720,593.5,494.5,3,regular,3,0,False,"[373, 364, 348]","[1080, 1103, 1061]",,
721,594.5,369.5,3,regular,3,0,False,"[366, 323, 361]","[1104, 1054, 1039]",,
722,594.5,759.5,3,regular,3,0,False,"[375, 349, 346]","[1083, 1105, 1081]",,
723,596.5,368.5,3,regular,3,0,False,"[381, 366, 361]","[1106, 1107, 1104]",,
724,599.5,271.5,3,regular,3,0,False,"[380, 336, 354]","[1109, 1100, 1024]",,
725,599.5,442.5,3,regular,3,0,False,"[373, 348, 379]","[1110, 1080, 1099]",,
726,600.5,119.5,3,regular,3,0,False,"[363, 374, 343]","[1047, 1111, 1082]",,
727,601.5,212.5,3,regular,3,0,False,"[370, 372, 355]","[1070, 1113, 1076]",,
728,601.5,249.5,3,regular,3,0,False,"[382, 354, 372]","[1114, 1108, 1088]",,
729,601.5,919.5,3,regular,3,0,False,"[383, 365, 368]","[1115, 1112, 1067]",,
730,602.5,422.5,3,regular,3,0,False,"[379, 348, 366]","[1117, 1099, 1058]",,
731,602.5,632.5,3,regular,3,0,False,"[384, 377, 369]","[1116, 1118, 1092]",,
732,603.5,576.5,3,regular,3,0,False,"[385, 367, 357]","[1121, 1120, 1079]",,
733,605.5,693.5,3,regular,3,0,False,"[377, 353, 358]","[1090, 1122, 1064]",,
734,607.5,305.5,3,regular,3,0,False,"[386, 351, 338]","[1123, 1124, 1012]",,
735,607.5,546.5,3,regular,3,0,False,"[385, 357, 364]","[1119, 1121, 1059]",,
736,607.5,881.5,3,regular,3,0,False,"[376, 368, 356]","[1087, 1126, 1066]",,
737,607.5,928.5,3,regular,3,0,False,"[378, 365, 383]","[1127, 1097, 1112]",,
738,607.5,1023.5,3,regular,2,0,True,"[387, 623, 359]","[1125, 1128, 1036]",,
739,608.5,263.5,3,regular,3,0,False,"[380, 354, 382]","[1131, 1109, 1108]",,
740,608.5,499.5,3,regular,3,0,False,"[388, 364, 373]","[1129, 1130, 1103]",,
741,608.5,1016.5,3,regular,3,0,False,"[387, 359, 371]","[1132, 1125, 1093]",,
742,612.5,296.5,3,regular,3,0,False,"[386, 338, 380]","[1136, 1123, 1101]",,
743,612.5,615.5,3,regular,3,0,False,"[390, 384, 369]","[1134, 1135, 1116]",,
744,612.5,711.5,3,regular,3,0,False,"[389, 375, 353]","[1133, 1137, 1096]",,
745,613.5,517.5,3,regular,3,0,False,"[388, 385, 364]","[1130, 1138, 1119]",,
746,613.5,596.5,3,regular,3,0,False,"[390, 369, 367]","[1139, 1134, 1091]",,
747,613.5,702.5,3,regular,3,0,False,"[389, 353, 377]","[1140, 1133, 1122]",,
748,614.5,407.5,3,regular,3,0,False,"[391, 379, 366]","[1141, 1142, 1117]",,
749,615.5,316.5,3,regular,3,0,False,"[386, 361, 351]","[1124, 1143, 1050]",,
750,615.5,594.5,3,regular,3,0,False,"[385, 390, 367]","[1120, 1144, 1139]",,
751,619.5,1003.5,3,regular,3,0,False,"[393, 387, 371]","[1146, 1147, 1132]",,
752,621.5,262.5,3,regular,3,0,False,"[394, 380, 382]","[1150, 1149, 1131]",,
753,621.5,698.5,3,regular,3,0,False,"[392, 389, 377]","[1148, 1151, 1140]",,
754,622.5,388.5,3,regular,3,0,False,"[391, 366, 381]","[1152, 1141, 1107]",,
755,626.5,692.5,3,regular,3,0,False,"[384, 392, 377]","[1118, 1154, 1148]",,
756,626.5,731.5,3,regular,3,0,False,"[389, 392, 375]","[1137, 1151, 1145]",,
757,628.5,211.5,3,regular,3,0,False,"[394, 372, 370]","[1160, 1157, 1113]",,
758,628.5,803.5,3,regular,3,0,False,"[375, 376, 349]","[1105, 1159, 1084]",,
759,629.5,121.5,3,regular,3,0,False,"[396, 374, 363]","[1161, 1155, 1111]",,
760,629.5,337.5,3,regular,3,0,False,"[386, 381, 361]","[1143, 1162, 1106]",,
761,629.5,484.5,3,regular,3,0,False,"[398, 388, 373]","[1158, 1163, 1129]",,
762,631.5,-0.5,3,regular,2,0,True,"[397, 362, 623]","[1164, 1156, 1044]",,
763,632.5,150.5,3,regular,3,0,False,"[396, 370, 374]","[1155, 1166, 1102]",,
764,632.5,597.5,3,regular,3,0,False,"[399, 390, 385]","[1165, 1167, 1144]",,
765,633.5,194.5,3,regular,3,0,False,"[395, 394, 370]","[1153, 1168, 1160]",,
766,633.5,970.5,3,regular,3,0,False,"[393, 371, 378]","[1169, 1146, 1098]",,
767,635.5,467.5,3,regular,3,0,False,"[400, 398, 373]","[1170, 1173, 1158]",,
768,635.5,1007.5,3,regular,3,0,False,"[401, 387, 393]","[1171, 1172, 1147]",,
769,637.5,154.5,3,regular,3,0,False,"[395, 370, 396]","[1174, 1153, 1166]",,
770,637.5,436.5,3,regular,3,0,False,"[379, 400, 373]","[1110, 1175, 1170]",,
771,638.5,911.5,3,regular,3,0,False,"[402, 383, 368]","[1176, 1177, 1115]",,
772,640.5,379.5,3,regular,3,0,False,"[403, 391, 381]","[1178, 1181, 1152]",,
773,640.5,515.5,3,regular,3,0,False,"[404, 385, 388]","[1179, 1180, 1138]",,
774,644.5,774.5,3,regular,3,0,False,"[392, 405, 375]","[1145, 1183, 1182]",,
775,648.5,28.5,3,regular,3,0,False,"[406, 362, 397]","[1184, 1185, 1156]",,
776,649.5,416.5,3,regular,3,0,False,"[407, 379, 391]","[1186, 1190, 1142]",,
777,649.5,498.5,3,regular,3,0,False,"[404, 388, 398]","[1191, 1179, 1163]",,
778,649.5,821.5,3,regular,3,0,False,"[409, 376, 375]","[1188, 1189, 1159]",,
779,650.5,524.5,3,regular,3,0,False,"[408, 385, 404]","[1193, 1187, 1180]",,
780,650.5,698.5,3,regular,3,0,False,"[410, 392, 384]","[1194, 1192, 1154]",,
781,651.5,894.5,3,regular,3,0,False,"[376, 402, 368]","[1126, 1195, 1176]",,
782,653.5,36.5,3,regular,3,0,False,"[411, 362, 406]","[1196, 1197, 1185]",,
783,653.5,226.5,3,regular,3,0,False,"[394, 382, 372]","[1157, 1150, 1114]",,
784,653.5,553.5,3,regular,3,0,False,"[412, 385, 408]","[1198, 1199, 1187]",,
785,654.5,418.5,3,regular,3,0,False,"[413, 379, 407]","[1200, 1201, 1190]",,
786,656.5,115.5,3,regular,3,0,False,"[415, 396, 363]","[1203, 1204, 1161]",,
787,656.5,148.5,3,regular,3,0,False,"[415, 395, 396]","[1204, 1205, 1174]",,
788,656.5,294.5,3,regular,3,0,False,"[414, 386, 380]","[1206, 1202, 1136]",,
789,659.5,803.5,3,regular,3,0,False,"[405, 409, 375]","[1182, 1207, 1188]",,
790,660.5,-0.5,3,regular,2,0,True,"[406, 397, 623]","[1210, 1184, 1164]",,
791,660.5,471.5,3,regular,3,0,False,"[413, 398, 400]","[1208, 1211, 1173]",,
792,660.5,775.5,3,regular,3,0,False,"[392, 416, 405]","[1183, 1212, 1209]",,
793,660.5,894.5,3,regular,3,0,False,"[409, 402, 376]","[1189, 1213, 1195]",,
794,660.5,988.5,3,regular,3,0,False,"[401, 393, 378]","[1214, 1171, 1169]",,
795,661.5,385.5,3,regular,3,0,False,"[407, 391, 403]","[1216, 1186, 1181]",,
796,661.5,661.5,3,regular,3,0,False,"[390, 417, 384]","[1135, 1217, 1215]",,
797,662.5,110.5,3,regular,3,0,False,"[418, 415, 363]","[1219, 1218, 1203]",,
798,663.5,187.5,3,regular,3,0,False,"[419, 394, 395]","[1220, 1221, 1168]",,
799,664.5,108.5,3,regular,3,0,False,"[362, 418, 363]","[1094, 1222, 1219]",,
800,664.5,350.5,3,regular,3,0,False,"[386, 403, 381]","[1162, 1223, 1178]",,
801,665.5,924.5,3,regular,3,0,False,"[409, 383, 402]","[1213, 1224, 1177]",,
802,667.5,489.5,3,regular,3,0,False,"[413, 404, 398]","[1211, 1225, 1191]",,
803,670.5,434.5,3,regular,3,0,False,"[413, 400, 379]","[1201, 1208, 1175]",,
804,670.5,604.5,3,regular,3,0,False,"[421, 399, 385]","[1227, 1228, 1165]",,
805,673.5,598.5,3,regular,3,0,False,"[421, 385, 420]","[1232, 1227, 1226]",,
806,673.5,662.5,3,regular,3,0,False,"[422, 417, 390]","[1229, 1230, 1217]",,
807,673.5,703.5,3,regular,3,0,False,"[417, 410, 384]","[1215, 1231, 1194]",,
808,674.5,169.5,3,regular,3,0,False,"[415, 419, 395]","[1205, 1233, 1220]",,
809,674.5,574.5,3,regular,3,0,False,"[412, 420, 385]","[1199, 1234, 1226]",,
810,675.5,746.5,3,regular,3,0,False,"[424, 392, 410]","[1236, 1237, 1192]",,
811,676.5,804.5,3,regular,3,0,False,"[425, 405, 416]","[1238, 1239, 1209]",,
812,678.5,991.5,3,regular,3,0,False,"[387, 401, 378]","[1240, 1172, 1214]",,
813,681.5,-0.5,3,regular,2,0,True,"[411, 406, 623]","[1242, 1196, 1210]",,
814,682.5,616.5,3,regular,3,0,False,"[426, 399, 421]","[1243, 1241, 1228]",,
815,684.5,401.5,3,regular,3,0,False,"[427, 413, 407]","[1244, 1246, 1200]",,
816,684.5,639.5,3,regular,3,0,False,"[422, 390, 399]","[1247, 1229, 1167]",,
817,685.5,394.5,3,regular,3,0,False,"[403, 427, 407]","[1216, 1249, 1244]",,
818,688.5,638.5,3,regular,3,0,False,"[426, 422, 399]","[1241, 1252, 1247]",,
819,689.5,51.5,3,regular,3,0,False,"[429, 362, 411]","[1248, 1256, 1197]",,
820,689.5,258.5,3,regular,3,0,False,"[432, 380, 394]","[1253, 1257, 1149]",,
821,689.5,711.5,3,regular,3,0,False,"[431, 410, 417]","[1251, 1258, 1231]",,
822,690.5,688.5,3,regular,3,0,False,"[422, 431, 417]","[1230, 1259, 1251]",,
823,690.5,770.5,3,regular,3,0,False,"[392, 434, 416]","[1212, 1260, 1255]",,
824,691.5,265.5,3,regular,3,0,False,"[432, 414, 380]","[1257, 1261, 1206]",,
825,692.5,638.5,3,regular,3,0,False,"[435, 422, 426]","[1263, 1262, 1252]",,
826,693.5,514.5,3,regular,3,0,False,"[412, 408, 404]","[1264, 1198, 1193]",,
827,695.5,789.5,3,regular,3,0,False,"[434, 425, 416]","[1255, 1266, 1238]",,
828,697.5,-0.5,3,regular,2,0,True,"[429, 411, 623]","[1268, 1248, 1242]",,
829,698.5,322.5,3,regular,3,0,False,"[414, 433, 386]","[1202, 1270, 1254]",,
830,698.5,458.5,3,regular,3,0,False,"[428, 436, 413]","[1245, 1271, 1265]",,
831,699.5,478.5,3,regular,3,0,False,"[436, 404, 413]","[1265, 1272, 1225]",,
832,701.5,62.5,3,regular,3,0,False,"[439, 438, 362]","[1273, 1276, 1269]",,
833,701.5,159.5,3,regular,3,0,False,"[437, 419, 415]","[1267, 1277, 1233]",,
834,701.5,355.5,3,regular,3,0,False,"[433, 403, 386]","[1254, 1278, 1223]",,
835,702.5,58.5,3,regular,3,0,False,"[439, 362, 429]","[1281, 1273, 1256]",,
836,702.5,132.5,3,regular,3,0,False,"[437, 415, 418]","[1279, 1267, 1218]",,
837,702.5,507.5,3,regular,3,0,False,"[440, 412, 404]","[1274, 1280, 1264]",,
838,702.5,852.5,3,regular,3,0,False,"[405, 430, 409]","[1207, 1282, 1250]",,
839,702.5,977.5,3,regular,3,0,False,"[387, 378, 383]","[1283, 1240, 1127]",,
840,704.5,79.5,3,regular,3,0,False,"[438, 418, 362]","[1269, 1284, 1222]",,
841,705.5,357.5,3,regular,3,0,False,"[442, 403, 433]","[1285, 1286, 1278]",,
842,706.5,200.5,3,regular,3,0,False,"[423, 394, 419]","[1290, 1235, 1221]",,
843,706.5,562.5,3,regular,3,0,False,"[443, 420, 412]","[1287, 1288, 1234]",,
844,706.5,1023.5,3,regular,2,0,True,"[444, 623, 387]","[1289, 1291, 1128]",,
845,707.5,373.5,3,regular,3,0,False,"[442, 427, 403]","[1286, 1292, 1249]",,
846,707.5,798.5,3,regular,3,0,False,"[434, 441, 425]","[1266, 1293, 1275]",,
847,708.5,423.5,3,regular,3,0,False,"[427, 428, 413]","[1246, 1294, 1245]",,
848,708.5,604.5,3,regular,3,0,False,"[420, 426, 421]","[1232, 1295, 1243]",,
849,709.5,938.5,3,regular,3,0,False,"[445, 383, 409]","[1298, 1296, 1224]",,
850,710.5,354.5,3,regular,3,0,False,"[447, 442, 433]","[1299, 1300, 1285]",,
851,712.5,76.5,3,regular,3,0,False,"[448, 418, 438]","[1301, 1302, 1284]",,
852,713.5,968.5,3,regular,3,0,False,"[387, 383, 446]","[1303, 1283, 1297]",,
853,714.5,70.5,3,regular,3,0,False,"[439, 448, 438]","[1276, 1304, 1301]",,
854,714.5,840.5,3,regular,3,0,False,"[441, 405, 425]","[1275, 1305, 1239]",,
855,715.5,733.5,3,regular,3,0,False,"[431, 424, 410]","[1258, 1306, 1236]",,
856,716.5,101.5,3,regular,3,0,False,"[448, 437, 418]","[1302, 1308, 1279]",,
857,716.5,317.5,3,regular,3,0,False,"[449, 433, 414]","[1307, 1309, 1270]",,
858,717.5,850.5,3,regular,3,0,False,"[450, 430, 405]","[1310, 1311, 1282]",,
859,718.5,734.5,3,regular,3,0,False,"[451, 424, 431]","[1313, 1312, 1306]",,
860,718.5,951.5,3,regular,3,0,False,"[446, 383, 445]","[1314, 1297, 1296]",,
861,719.5,845.5,3,regular,3,0,False,"[441, 450, 405]","[1305, 1315, 1310]",,
862,720.5,197.5,3,regular,3,0,False,"[452, 423, 419]","[1316, 1319, 1290]",,
863,720.5,697.5,3,regular,3,0,False,"[453, 431, 422]","[1317, 1318, 1259]",,
864,722.5,207.5,3,regular,3,0,False,"[452, 394, 423]","[1319, 1321, 1235]",,
865,722.5,421.5,3,regular,3,0,False,"[454, 428, 427]","[1322, 1320, 1294]",,
866,723.5,766.5,3,regular,3,0,False,"[455, 392, 424]","[1323, 1324, 1237]",,
867,723.5,780.5,3,regular,3,0,False,"[455, 434, 392]","[1324, 1325, 1260]",,
868,724.5,482.5,3,regular,3,0,False,"[454, 404, 436]","[1326, 1327, 1272]",,
869,725.5,263.5,3,regular,3,0,False,"[449, 414, 432]","[1328, 1307, 1261]",,
870,725.5,486.5,3,regular,3,0,False,"[454, 440, 404]","[1327, 1329, 1274]",,
871,725.5,791.5,3,regular,3,0,False,"[455, 441, 434]","[1325, 1330, 1293]",,
872,727.5,759.5,3,regular,3,0,False,"[451, 455, 424]","[1312, 1332, 1323]",,
873,728.5,529.5,3,regular,3,0,False,"[456, 412, 440]","[1333, 1331, 1280]",,
874,728.5,546.5,3,regular,3,0,False,"[456, 443, 412]","[1331, 1334, 1287]",,
875,730.5,648.5,3,regular,3,0,False,"[457, 435, 426]","[1338, 1335, 1263]",,
876,730.5,690.5,3,regular,3,0,False,"[435, 453, 422]","[1262, 1339, 1317]",,
877,730.5,792.5,3,regular,3,0,False,"[458, 441, 455]","[1336, 1337, 1330]",,
878,731.5,724.5,3,regular,3,0,False,"[453, 451, 431]","[1318, 1340, 1313]",,
879,733.5,690.5,3,regular,3,0,False,"[457, 453, 435]","[1335, 1342, 1339]",,
880,733.5,975.5,3,regular,3,0,False,"[459, 387, 446]","[1343, 1341, 1303]",,
881,734.5,416.5,3,regular,3,0,False,"[460, 454, 427]","[1344, 1345, 1322]",,
882,734.5,647.5,3,regular,3,0,False,"[420, 457, 426]","[1295, 1346, 1338]",,
883,735.5,327.5,3,regular,3,0,False,"[447, 433, 449]","[1347, 1299, 1309]",,
884,736.5,453.5,3,regular,3,0,False,"[454, 436, 428]","[1320, 1326, 1271]",,
885,738.5,232.5,3,regular,3,0,False,"[462, 432, 394]","[1349, 1350, 1253]",,
886,738.5,601.5,3,regular,3,0,False,"[443, 461, 420]","[1288, 1351, 1348]",,
887,741.5,1009.5,3,regular,3,0,False,"[444, 387, 459]","[1352, 1289, 1341]",,
888,744.5,8.5,3,regular,3,0,False,"[463, 439, 429]","[1353, 1354, 1281]",,
889,745.5,387.5,3,regular,3,0,False,"[464, 427, 442]","[1355, 1356, 1292]",,
890,745.5,390.5,3,regular,3,0,False,"[464, 460, 427]","[1356, 1357, 1344]",,
891,748.5,-0.5,3,regular,2,0,True,"[463, 429, 623]","[1358, 1353, 1268]",,
892,748.5,903.5,3,regular,3,0,False,"[450, 409, 430]","[1311, 1359, 1250]",,
893,750.5,245.5,3,regular,3,0,False,"[465, 449, 432]","[1360, 1361, 1328]",,
894,751.5,242.5,3,regular,3,0,False,"[462, 465, 432]","[1350, 1363, 1360]",,
895,752.5,745.5,3,regular,3,0,False,"[455, 451, 453]","[1364, 1332, 1340]",,
896,752.5,904.5,3,regular,3,0,False,"[445, 409, 450]","[1365, 1298, 1359]",,
897,754.5,217.5,3,regular,3,0,False,"[462, 394, 452]","[1366, 1349, 1321]",,
898,756.5,779.5,3,regular,3,0,False,"[466, 458, 455]","[1362, 1367, 1336]",,
899,757.5,169.5,3,regular,3,0,False,"[437, 452, 419]","[1277, 1369, 1316]",,
900,758.5,505.5,3,regular,3,0,False,"[454, 467, 440]","[1329, 1370, 1368]",,
901,760.5,526.5,3,regular,3,0,False,"[467, 456, 440]","[1368, 1371, 1333]",,
902,762.5,617.5,3,regular,3,0,False,"[468, 420, 461]","[1373, 1372, 1348]",,
903,763.5,659.5,3,regular,3,0,False,"[420, 453, 457]","[1346, 1374, 1342]",,
904,765.5,415.5,3,regular,3,0,False,"[464, 454, 460]","[1357, 1376, 1345]",,
905,766.5,818.5,3,regular,3,0,False,"[458, 469, 441]","[1337, 1377, 1375]",,
906,766.5,1023.5,3,regular,2,0,True,"[459, 623, 444]","[1352, 1378, 1291]",,
907,767.5,838.5,3,regular,3,0,False,"[469, 450, 441]","[1375, 1379, 1315]",,
908,768.5,608.5,3,regular,3,0,False,"[468, 461, 443]","[1381, 1373, 1351]",,
909,769.5,743.5,3,regular,3,0,False,"[470, 455, 453]","[1382, 1380, 1364]",,
910,770.5,261.5,3,regular,3,0,False,"[471, 449, 465]","[1385, 1383, 1361]",,
911,771.5,761.5,3,regular,3,0,False,"[466, 455, 470]","[1387, 1362, 1380]",,
912,771.5,899.5,3,regular,3,0,False,"[473, 445, 450]","[1386, 1388, 1365]",,
913,773.5,171.5,3,regular,3,0,False,"[475, 452, 437]","[1390, 1391, 1369]",,
914,773.5,543.5,3,regular,3,0,False,"[474, 456, 467]","[1392, 1389, 1371]",,
915,775.5,178.5,3,regular,3,0,False,"[475, 476, 452]","[1391, 1396, 1393]",,
916,775.5,374.5,3,regular,3,0,False,"[477, 464, 442]","[1394, 1395, 1355]",,
917,778.5,291.5,3,regular,3,0,False,"[471, 472, 449]","[1383, 1397, 1384]",,
918,778.5,368.5,3,regular,3,0,False,"[447, 477, 442]","[1300, 1398, 1394]",,
919,778.5,564.5,3,regular,3,0,False,"[474, 443, 456]","[1389, 1399, 1334]",,
920,779.5,195.5,3,regular,3,0,False,"[476, 462, 452]","[1393, 1401, 1366]",,
921,779.5,907.5,3,regular,3,0,False,"[478, 445, 473]","[1402, 1400, 1388]",,
922,783.5,497.5,3,regular,3,0,False,"[479, 467, 454]","[1403, 1404, 1370]",,
923,786.5,419.5,3,regular,3,0,False,"[481, 454, 464]","[1406, 1407, 1376]",,
924,787.5,111.5,3,regular,3,0,False,"[482, 437, 448]","[1408, 1409, 1308]",,
925,789.5,106.5,3,regular,3,0,False,"[482, 448, 439]","[1410, 1408, 1304]",,
926,790.5,676.5,3,regular,3,0,False,"[483, 453, 420]","[1411, 1412, 1374]",,
927,792.5,474.5,3,regular,3,0,False,"[480, 479, 454]","[1405, 1414, 1403]",,
928,792.5,568.5,3,regular,3,0,False,"[484, 443, 474]","[1415, 1413, 1399]",,
929,794.5,611.5,3,regular,3,0,False,"[485, 468, 443]","[1416, 1417, 1381]",,
930,796.5,428.5,3,regular,3,0,False,"[481, 480, 454]","[1407, 1419, 1405]",,
931,799.5,253.5,3,regular,3,0,False,"[488, 471, 465]","[1421, 1422, 1385]",,
932,799.5,694.5,3,regular,3,0,False,"[483, 487, 453]","[1412, 1423, 1420]",,
933,801.5,725.5,3,regular,3,0,False,"[487, 470, 453]","[1420, 1425, 1382]",,
934,802.5,126.5,3,regular,3,0,False,"[490, 475, 437]","[1426, 1427, 1390]",,
935,802.5,522.5,3,regular,3,0,False,"[479, 474, 467]","[1404, 1428, 1392]",,
936,803.5,237.5,3,regular,3,0,False,"[488, 465, 462]","[1429, 1421, 1363]",,
937,804.5,114.5,3,regular,3,0,False,"[490, 437, 482]","[1431, 1426, 1409]",,
938,804.5,592.5,3,regular,3,0,False,"[484, 485, 443]","[1413, 1432, 1416]",,
939,805.5,21.5,3,regular,3,0,False,"[486, 439, 463]","[1430, 1418, 1354]",,
940,807.5,726.5,3,regular,3,0,False,"[493, 470, 487]","[1435, 1436, 1425]",,
941,807.5,993.5,3,regular,3,0,False,"[489, 459, 446]","[1437, 1424, 1343]",,
942,808.5,-0.5,3,regular,2,0,True,"[486, 463, 623]","[1440, 1430, 1358]",,
943,808.5,648.5,3,regular,3,0,False,"[485, 420, 468]","[1417, 1439, 1372]",,
944,810.5,191.5,3,regular,3,0,False,"[495, 462, 476]","[1441, 1442, 1401]",,
945,810.5,474.5,3,regular,3,0,False,"[496, 479, 480]","[1444, 1443, 1414]",,
946,811.5,329.5,3,regular,3,0,False,"[494, 447, 449]","[1445, 1438, 1347]",,
947,811.5,351.5,3,regular,3,0,False,"[494, 477, 447]","[1438, 1447, 1398]",,
948,812.5,883.5,3,regular,3,0,False,"[498, 473, 450]","[1449, 1448, 1386]",,
949,813.5,284.5,3,regular,3,0,False,"[499, 472, 471]","[1450, 1451, 1397]",,
950,813.5,432.5,3,regular,3,0,False,"[497, 480, 481]","[1452, 1446, 1419]",,
951,813.5,952.5,3,regular,3,0,False,"[492, 446, 445]","[1434, 1453, 1314]",,
952,816.5,474.5,3,regular,3,0,False,"[497, 496, 480]","[1446, 1455, 1444]",,
953,816.5,515.5,3,regular,3,0,False,"[500, 474, 479]","[1454, 1456, 1428]",,
954,817.5,901.5,3,regular,3,0,False,"[498, 478, 473]","[1448, 1457, 1402]",,
955,818.5,921.5,3,regular,3,0,False,"[501, 445, 478]","[1458, 1459, 1400]",,
956,820.5,60.5,3,regular,3,0,False,"[502, 482, 439]","[1460, 1462, 1410]",,
957,820.5,754.5,3,regular,3,0,False,"[503, 466, 470]","[1463, 1461, 1387]",,
958,821.5,868.5,3,regular,3,0,False,"[498, 450, 469]","[1464, 1449, 1379]",,
959,822.5,905.5,3,regular,3,0,False,"[498, 501, 478]","[1457, 1465, 1458]",,
960,823.5,49.5,4,regular,4,0,False,"[504, 502, 439, 486]","[1466, 1469, 1460, 1418]",,
961,823.5,500.5,3,regular,3,0,False,"[496, 500, 479]","[1443, 1470, 1454]",,
962,823.5,558.5,3,regular,3,0,False,"[491, 505, 474]","[1433, 1471, 1467]",,
963,823.5,564.5,3,regular,3,0,False,"[505, 484, 474]","[1467, 1472, 1415]",,
964,823.5,790.5,3,regular,3,0,False,"[503, 458, 466]","[1461, 1468, 1367]",,
965,824.5,181.5,3,regular,3,0,False,"[475, 495, 476]","[1396, 1474, 1441]",,
966,824.5,665.5,3,regular,3,0,False,"[506, 420, 485]","[1475, 1473, 1439]",,
967,825.5,209.5,3,regular,3,0,False,"[507, 462, 495]","[1478, 1476, 1442]",,
968,825.5,525.5,3,regular,3,0,False,"[491, 474, 500]","[1479, 1433, 1456]",,
969,825.5,678.5,3,regular,3,0,False,"[508, 483, 420]","[1477, 1480, 1411]",,
970,825.5,720.5,3,regular,3,0,False,"[483, 493, 487]","[1423, 1481, 1435]",,
971,825.5,751.5,3,regular,3,0,False,"[493, 503, 470]","[1436, 1482, 1463]",,
972,826.5,669.5,3,regular,3,0,False,"[508, 420, 506]","[1483, 1477, 1473]",,
973,827.5,108.5,3,regular,3,0,False,"[509, 490, 482]","[1484, 1486, 1431]",,
974,828.5,751.5,3,regular,3,0,False,"[511, 503, 493]","[1487, 1488, 1482]",,
975,829.5,216.5,3,regular,3,0,False,"[510, 462, 507]","[1489, 1485, 1476]",,
976,830.5,95.5,3,regular,3,0,False,"[502, 509, 482]","[1462, 1490, 1484]",,
977,831.5,313.5,3,regular,3,0,False,"[472, 494, 449]","[1384, 1491, 1445]",,
978,832.5,229.5,3,regular,3,0,False,"[510, 488, 462]","[1485, 1492, 1429]",,
979,833.5,496.5,3,regular,3,0,False,"[512, 500, 496]","[1493, 1494, 1470]",,
980,834.5,604.5,3,regular,3,0,False,"[513, 485, 484]","[1498, 1495, 1432]",,
981,836.5,854.5,3,regular,3,0,False,"[514, 498, 469]","[1496, 1500, 1464]",,
982,837.5,89.5,3,regular,3,0,False,"[516, 509, 502]","[1499, 1506, 1490]",,
983,837.5,386.5,3,regular,3,0,False,"[477, 481, 464]","[1395, 1507, 1406]",,
984,837.5,525.5,3,regular,3,0,False,"[517, 491, 500]","[1501, 1502, 1479]",,
985,837.5,930.5,3,regular,3,0,False,"[518, 445, 501]","[1503, 1504, 1459]",,
986,837.5,1020.5,3,regular,2,0,True,"[489, 623, 459]","[1424, 1505, 1378]",,
987,838.5,729.5,3,regular,3,0,False,"[519, 493, 483]","[1508, 1509, 1481]",,
988,839.5,742.5,3,regular,3,0,False,"[519, 511, 493]","[1509, 1510, 1487]",,
989,840.5,815.5,3,regular,3,0,False,"[503, 469, 458]","[1468, 1511, 1377]",,
990,841.5,244.5,3,regular,3,0,False,"[520, 471, 488]","[1514, 1512, 1422]",,
991,843.5,-0.5,3,regular,2,0,True,"[504, 486, 623]","[1519, 1466, 1440]",,
992,843.5,181.5,3,regular,3,0,False,"[522, 495, 475]","[1520, 1515, 1474]",,
993,843.5,419.5,3,regular,3,0,False,"[523, 497, 481]","[1516, 1517, 1452]",,
994,843.5,629.5,3,regular,3,0,False,"[513, 521, 485]","[1495, 1521, 1513]",,
995,843.5,655.5,3,regular,3,0,False,"[521, 506, 485]","[1513, 1518, 1475]",,
996,844.5,199.5,3,regular,3,0,False,"[522, 507, 495]","[1515, 1523, 1478]",,
997,844.5,936.5,3,regular,3,0,False,"[492, 445, 518]","[1524, 1434, 1504]",,
998,845.5,240.5,3,regular,3,0,False,"[510, 520, 488]","[1492, 1525, 1514]",,
999,845.5,598.5,3,regular,3,0,False,"[505, 513, 484]","[1472, 1526, 1498]",,
1000,845.5,856.5,3,regular,3,0,False,"[515, 498, 514]","[1527, 1497, 1500]",,
1001,846.5,826.5,3,regular,3,0,False,"[503, 514, 469]","[1511, 1528, 1496]",,
1002,847.5,392.5,3,regular,3,0,False,"[525, 481, 477]","[1529, 1530, 1507]",,
1003,847.5,907.5,3,regular,3,0,False,"[515, 501, 498]","[1497, 1531, 1465]",,
1004,848.5,480.5,3,regular,3,0,False,"[524, 496, 497]","[1522, 1532, 1455]",,
1005,849.5,117.5,3,regular,3,0,False,"[475, 490, 509]","[1533, 1427, 1486]",,
1006,849.5,939.5,3,regular,3,0,False,"[518, 446, 492]","[1524, 1534, 1453]",,
1007,850.5,507.5,3,regular,3,0,False,"[517, 500, 512]","[1535, 1501, 1494]",,
1008,850.5,914.5,3,regular,3,0,False,"[515, 518, 501]","[1531, 1536, 1503]",,
1009,852.5,456.5,3,regular,3,0,False,"[523, 524, 497]","[1517, 1537, 1522]",,
1010,854.5,488.5,3,regular,3,0,False,"[524, 512, 496]","[1532, 1538, 1493]",,
1011,855.5,720.5,3,regular,3,0,False,"[526, 519, 483]","[1539, 1540, 1508]",,
1012,855.5,1023.5,3,regular,2,0,True,"[527, 623, 489]","[1541, 1542, 1505]",,
1013,857.5,350.5,3,regular,3,0,False,"[528, 477, 494]","[1544, 1543, 1447]",,
1014,857.5,715.5,3,regular,3,0,False,"[508, 526, 483]","[1480, 1545, 1539]",,
1015,858.5,403.5,3,regular,3,0,False,"[525, 523, 481]","[1530, 1546, 1516]",,
1016,861.5,219.5,3,regular,3,0,False,"[507, 520, 510]","[1489, 1548, 1525]",,
1017,861.5,456.5,3,regular,3,0,False,"[529, 524, 523]","[1547, 1549, 1537]",,
1018,864.5,939.5,3,regular,3,0,False,"[530, 446, 518]","[1550, 1551, 1534]",,
1019,865.5,605.5,3,regular,3,0,False,"[531, 513, 505]","[1553, 1552, 1526]",,
1020,866.5,536.5,3,regular,3,0,False,"[532, 491, 517]","[1554, 1555, 1502]",,
1021,866.5,1006.5,3,regular,3,0,False,"[527, 489, 446]","[1556, 1541, 1437]",,
1022,867.5,922.5,3,regular,3,0,False,"[533, 518, 515]","[1557, 1558, 1536]",,
1023,868.5,367.5,3,regular,3,0,False,"[534, 525, 477]","[1559, 1560, 1529]",,
1024,869.5,749.5,3,regular,3,0,False,"[526, 511, 519]","[1540, 1561, 1510]",,
1025,870.5,161.5,3,regular,3,0,False,"[535, 522, 475]","[1562, 1565, 1520]",,
1026,870.5,493.5,3,regular,3,0,False,"[536, 512, 524]","[1563, 1564, 1538]",,
1027,871.5,259.5,3,regular,3,0,False,"[499, 471, 520]","[1566, 1450, 1512]",,
1028,871.5,928.5,3,regular,3,0,False,"[530, 518, 533]","[1567, 1550, 1558]",,
1029,872.5,640.5,3,regular,3,0,False,"[513, 506, 521]","[1521, 1568, 1518]",,
1030,874.5,928.5,3,regular,3,0,False,"[537, 530, 533]","[1570, 1569, 1567]",,
1031,875.5,37.5,3,regular,3,0,False,"[538, 516, 502]","[1571, 1572, 1499]",,
1032,875.5,82.5,3,regular,3,0,False,"[516, 475, 509]","[1506, 1573, 1533]",,
1033,875.5,356.5,3,regular,3,0,False,"[534, 477, 528]","[1574, 1559, 1543]",,
1034,875.5,764.5,3,regular,3,0,False,"[526, 503, 511]","[1561, 1575, 1488]",,
1035,876.5,328.5,3,regular,3,0,False,"[528, 494, 472]","[1576, 1544, 1491]",,
1036,876.5,522.5,3,regular,3,0,False,"[512, 532, 517]","[1535, 1578, 1554]",,
1037,876.5,600.5,3,regular,3,0,False,"[539, 531, 505]","[1577, 1579, 1553]",,
1038,877.5,633.5,3,regular,3,0,False,"[540, 513, 531]","[1583, 1580, 1552]",,
1039,877.5,1002.5,3,regular,3,0,False,"[541, 527, 446]","[1581, 1582, 1556]",,
1040,878.5,497.5,3,regular,3,0,False,"[542, 512, 536]","[1585, 1584, 1564]",,
1041,878.5,637.5,3,regular,3,0,False,"[540, 506, 513]","[1580, 1586, 1568]",,
1042,879.5,682.5,3,regular,3,0,False,"[543, 508, 506]","[1587, 1588, 1483]",,
1043,880.5,475.5,3,regular,3,0,False,"[536, 524, 529]","[1590, 1563, 1549]",,
1044,881.5,440.5,3,regular,3,0,False,"[544, 529, 523]","[1589, 1592, 1547]",,
1045,881.5,965.5,3,regular,3,0,False,"[545, 446, 530]","[1593, 1591, 1551]",,
1046,882.5,564.5,3,regular,3,0,False,"[532, 505, 491]","[1555, 1595, 1471]",,
1047,883.5,131.5,3,regular,3,0,False,"[547, 546, 475]","[1596, 1597, 1594]",,
1048,883.5,568.5,3,regular,3,0,False,"[532, 539, 505]","[1595, 1598, 1577]",,
1049,884.5,14.5,3,regular,3,0,False,"[538, 502, 504]","[1599, 1571, 1469]",,
1050,884.5,412.5,3,regular,3,0,False,"[548, 523, 525]","[1601, 1600, 1546]",,
1051,884.5,996.5,3,regular,3,0,False,"[545, 541, 446]","[1591, 1602, 1581]",,
1052,885.5,153.5,3,regular,3,0,False,"[546, 535, 475]","[1594, 1604, 1562]",,
1053,887.5,416.5,3,regular,3,0,False,"[544, 523, 548]","[1605, 1589, 1600]",,
1054,887.5,938.5,3,regular,3,0,False,"[537, 549, 530]","[1569, 1606, 1603]",,
1055,889.5,955.5,3,regular,3,0,False,"[549, 545, 530]","[1603, 1607, 1593]",,
1056,890.5,35.5,3,regular,3,0,False,"[550, 516, 538]","[1609, 1608, 1572]",,
1057,891.5,315.5,3,regular,3,0,False,"[551, 528, 472]","[1610, 1611, 1576]",,
1058,894.5,317.5,3,regular,3,0,False,"[553, 528, 551]","[1613, 1614, 1611]",,
1059,894.5,1023.5,3,regular,2,0,True,"[541, 623, 527]","[1582, 1615, 1542]",,
1060,895.5,285.5,3,regular,3,0,False,"[551, 472, 499]","[1618, 1610, 1451]",,
1061,895.5,520.5,3,regular,3,0,False,"[542, 532, 512]","[1584, 1619, 1578]",,
1062,895.5,734.5,3,regular,3,0,False,"[508, 552, 526]","[1545, 1620, 1612]",,
1063,896.5,571.5,3,regular,3,0,False,"[555, 539, 532]","[1623, 1617, 1598]",,
1064,896.5,764.5,3,regular,3,0,False,"[556, 503, 526]","[1621, 1622, 1575]",,
1065,897.5,762.5,3,regular,3,0,False,"[552, 556, 526]","[1612, 1624, 1621]",,
1066,899.5,383.5,3,regular,3,0,False,"[548, 525, 534]","[1626, 1601, 1560]",,
1067,899.5,443.5,3,regular,3,0,False,"[554, 529, 544]","[1625, 1616, 1592]",,
1068,901.5,893.5,3,regular,3,0,False,"[557, 533, 515]","[1627, 1628, 1557]",,
1069,902.5,470.5,3,regular,3,0,False,"[554, 536, 529]","[1616, 1632, 1590]",,
1070,902.5,667.5,3,regular,3,0,False,"[540, 543, 506]","[1586, 1629, 1587]",,
1071,902.5,871.5,3,regular,3,0,False,"[558, 515, 514]","[1630, 1631, 1527]",,
1072,903.5,224.5,3,regular,3,0,False,"[559, 520, 507]","[1635, 1633, 1548]",,
1073,903.5,603.5,3,regular,3,0,False,"[555, 531, 539]","[1617, 1634, 1579]",,
1074,905.5,339.5,3,regular,3,0,False,"[553, 534, 528]","[1614, 1636, 1574]",,
1075,906.5,243.5,3,regular,3,0,False,"[559, 499, 520]","[1633, 1637, 1566]",,
1076,908.5,910.5,3,regular,3,0,False,"[557, 537, 533]","[1628, 1638, 1570]",,
1077,909.5,-0.5,3,regular,2,0,True,"[538, 504, 623]","[1641, 1599, 1519]",,
1078,909.5,621.5,3,regular,3,0,False,"[560, 540, 531]","[1639, 1640, 1583]",,
1079,909.5,880.5,3,regular,3,0,False,"[558, 557, 515]","[1631, 1642, 1627]",,
1080,910.5,119.5,3,regular,3,0,False,"[561, 546, 547]","[1643, 1644, 1597]",,
1081,912.5,105.5,3,regular,3,0,False,"[475, 561, 547]","[1596, 1646, 1643]",,
1082,913.5,87.5,3,regular,3,0,False,"[562, 475, 516]","[1647, 1645, 1573]",,
1083,914.5,104.5,3,regular,3,0,False,"[562, 561, 475]","[1645, 1648, 1646]",,
1084,915.5,191.5,3,regular,3,0,False,"[507, 522, 535]","[1651, 1523, 1565]",,
1085,915.5,615.5,3,regular,3,0,False,"[563, 560, 531]","[1649, 1652, 1639]",,
1086,915.5,936.5,3,regular,3,0,False,"[564, 549, 537]","[1650, 1653, 1606]",,
1087,916.5,614.5,3,regular,3,0,False,"[565, 563, 531]","[1654, 1655, 1649]",,
1088,917.5,610.5,3,regular,3,0,False,"[565, 531, 555]","[1657, 1654, 1634]",,
1089,918.5,415.5,3,regular,3,0,False,"[554, 544, 548]","[1658, 1625, 1605]",,
1090,919.5,528.5,3,regular,3,0,False,"[567, 532, 542]","[1659, 1660, 1619]",,
1091,920.5,501.5,3,regular,3,0,False,"[567, 542, 536]","[1663, 1659, 1585]",,
1092,920.5,930.5,3,regular,3,0,False,"[568, 564, 537]","[1661, 1662, 1650]",,
1093,921.5,501.5,3,regular,3,0,False,"[569, 567, 536]","[1664, 1666, 1663]",,
1094,921.5,911.5,3,regular,3,0,False,"[568, 537, 557]","[1665, 1661, 1638]",,
1095,922.5,37.5,3,regular,3,0,False,"[570, 550, 538]","[1671, 1667, 1609]",,
1096,922.5,70.5,3,regular,3,0,False,"[571, 516, 550]","[1668, 1672, 1608]",,
1097,922.5,782.5,3,regular,3,0,False,"[572, 503, 556]","[1669, 1670, 1622]",,
1098,922.5,786.5,3,regular,3,0,False,"[572, 514, 503]","[1670, 1673, 1528]",,
1099,925.5,336.5,3,regular,3,0,False,"[574, 534, 553]","[1676, 1675, 1636]",,
1100,926.5,77.5,3,regular,3,0,False,"[571, 562, 516]","[1672, 1677, 1647]",,
1101,926.5,338.5,3,regular,3,0,False,"[574, 573, 534]","[1675, 1678, 1674]",,
1102,926.5,387.5,3,regular,3,0,False,"[573, 548, 534]","[1674, 1679, 1626]",,
1103,926.5,690.5,3,regular,3,0,False,"[540, 508, 543]","[1629, 1680, 1588]",,
1104,929.5,163.5,3,regular,3,0,False,"[576, 535, 546]","[1683, 1682, 1604]",,
1105,929.5,472.5,3,regular,3,0,False,"[575, 536, 554]","[1681, 1684, 1632]",,
1106,929.5,979.5,3,regular,3,0,False,"[549, 541, 545]","[1607, 1685, 1602]",,
1107,931.5,416.5,3,regular,3,0,False,"[577, 554, 548]","[1686, 1687, 1658]",,
1108,931.5,887.5,3,regular,3,0,False,"[578, 557, 558]","[1688, 1689, 1642]",,
1109,933.5,727.5,3,regular,3,0,False,"[579, 552, 508]","[1692, 1690, 1620]",,
1110,934.5,177.5,3,regular,3,0,False,"[576, 507, 535]","[1682, 1694, 1651]",,
1111,934.5,619.5,3,regular,3,0,False,"[581, 560, 563]","[1695, 1693, 1652]",,
1112,934.5,648.5,3,regular,3,0,False,"[581, 540, 560]","[1693, 1696, 1640]",,
1113,935.5,26.5,3,regular,3,0,False,"[582, 570, 538]","[1697, 1698, 1671]",,
1114,935.5,251.5,3,regular,3,0,False,"[551, 499, 559]","[1699, 1618, 1637]",,
1115,937.5,399.5,3,regular,3,0,False,"[573, 577, 548]","[1679, 1702, 1686]",,
1116,937.5,547.5,3,regular,3,0,False,"[584, 555, 532]","[1701, 1703, 1623]",,
1117,937.5,590.5,3,regular,3,0,False,"[565, 555, 566]","[1704, 1657, 1656]",,
1118,938.5,44.5,3,regular,3,0,False,"[585, 550, 570]","[1706, 1705, 1667]",,
1119,938.5,425.5,3,regular,3,0,False,"[583, 554, 577]","[1707, 1700, 1687]",,
1120,938.5,433.5,3,regular,3,0,False,"[575, 554, 583]","[1708, 1681, 1700]",,
1121,940.5,49.5,3,regular,3,0,False,"[585, 571, 550]","[1705, 1711, 1668]",,
1122,940.5,742.5,3,regular,3,0,False,"[579, 556, 552]","[1690, 1712, 1624]",,
1123,940.5,894.5,3,regular,3,0,False,"[587, 557, 578]","[1713, 1710, 1689]",,
1124,940.5,897.5,3,regular,3,0,False,"[587, 568, 557]","[1710, 1714, 1665]",,
1125,942.5,799.5,3,regular,3,0,False,"[586, 514, 572]","[1715, 1709, 1673]",,
1126,943.5,80.5,3,regular,3,0,False,"[588, 562, 571]","[1717, 1716, 1677]",,
1127,944.5,478.5,3,regular,3,0,False,"[589, 536, 575]","[1719, 1718, 1684]",,
1128,944.5,482.5,3,regular,3,0,False,"[589, 569, 536]","[1718, 1720, 1664]",,
1129,946.5,759.5,3,regular,3,0,False,"[572, 556, 579]","[1721, 1669, 1712]",,
1130,946.5,992.5,3,regular,3,0,False,"[580, 541, 549]","[1722, 1691, 1685]",,
1131,947.5,1023.5,3,regular,2,0,True,"[580, 623, 541]","[1691, 1723, 1615]",,
1132,948.5,138.5,3,regular,3,0,False,"[561, 576, 546]","[1644, 1724, 1683]",,
1133,949.5,721.5,3,regular,3,0,False,"[590, 579, 508]","[1725, 1726, 1692]",,
1134,953.5,-0.5,3,regular,2,0,True,"[582, 538, 623]","[1728, 1697, 1641]",,
1135,953.5,936.5,3,regular,3,0,False,"[591, 564, 568]","[1727, 1729, 1662]",,
1136,955.5,991.5,3,regular,3,0,False,"[592, 580, 549]","[1730, 1731, 1722]",,
1137,956.5,174.5,3,regular,3,0,False,"[593, 507, 576]","[1732, 1733, 1694]",,
1138,958.5,99.5,3,regular,3,0,False,"[588, 561, 562]","[1716, 1735, 1648]",,
1139,958.5,551.5,3,regular,3,0,False,"[584, 566, 555]","[1703, 1736, 1656]",,
1140,958.5,759.5,3,regular,3,0,False,"[594, 572, 579]","[1737, 1734, 1721]",,
1141,958.5,825.5,3,regular,3,0,False,"[558, 514, 586]","[1738, 1630, 1709]",,
1142,960.5,692.5,3,regular,3,0,False,"[590, 508, 540]","[1740, 1725, 1680]",,
1143,960.5,776.5,3,regular,3,0,False,"[594, 586, 572]","[1734, 1741, 1715]",,
1144,960.5,872.5,3,regular,3,0,False,"[587, 578, 558]","[1739, 1713, 1688]",,
1145,960.5,979.5,3,regular,3,0,False,"[564, 592, 549]","[1653, 1742, 1730]",,
1146,961.5,923.5,3,regular,3,0,False,"[587, 591, 568]","[1714, 1745, 1727]",,
1147,962.5,142.5,3,regular,3,0,False,"[595, 576, 561]","[1747, 1743, 1724]",,
1148,962.5,529.5,3,regular,3,0,False,"[584, 532, 567]","[1746, 1701, 1660]",,
1149,966.5,154.5,3,regular,3,0,False,"[595, 593, 576]","[1743, 1750, 1732]",,
1150,966.5,416.5,3,regular,3,0,False,"[597, 583, 577]","[1751, 1748, 1707]",,
1151,967.5,521.5,3,regular,3,0,False,"[569, 584, 567]","[1666, 1752, 1746]",,
1152,967.5,598.5,3,regular,3,0,False,"[598, 563, 565]","[1749, 1753, 1655]",,
1153,967.5,684.5,3,regular,3,0,False,"[590, 540, 581]","[1754, 1740, 1696]",,
1154,968.5,222.5,3,regular,3,0,False,"[596, 559, 507]","[1744, 1757, 1635]",,
1155,968.5,381.5,3,regular,3,0,False,"[599, 577, 573]","[1755, 1758, 1702]",,
1156,969.5,222.5,3,regular,3,0,False,"[601, 559, 596]","[1761, 1759, 1757]",,
1157,969.5,453.5,3,regular,3,0,False,"[600, 575, 583]","[1760, 1756, 1708]",,
1158,969.5,465.5,3,regular,3,0,False,"[600, 589, 575]","[1756, 1762, 1719]",,
1159,970.5,311.5,3,regular,3,0,False,"[551, 574, 553]","[1613, 1763, 1676]",,
1160,970.5,364.5,3,regular,3,0,False,"[599, 573, 574]","[1764, 1755, 1678]",,
1161,971.5,155.5,3,regular,3,0,False,"[602, 593, 595]","[1765, 1766, 1750]",,
1162,971.5,235.5,3,regular,3,0,False,"[601, 551, 559]","[1759, 1767, 1699]",,
1163,972.5,-0.5,3,regular,2,0,True,"[570, 582, 623]","[1768, 1698, 1728]",,
1164,976.5,519.5,3,regular,3,0,False,"[603, 584, 569]","[1769, 1770, 1752]",,
1165,976.5,625.5,3,regular,3,0,False,"[598, 581, 563]","[1753, 1771, 1695]",,
1166,980.5,726.5,3,regular,3,0,False,"[605, 579, 590]","[1773, 1774, 1726]",,
1167,981.5,67.5,3,regular,3,0,False,"[588, 571, 585]","[1776, 1717, 1711]",,
1168,981.5,357.5,3,regular,3,0,False,"[604, 599, 574]","[1772, 1777, 1764]",,
1169,982.5,731.5,3,regular,3,0,False,"[605, 594, 579]","[1774, 1778, 1737]",,
1170,983.5,582.5,3,regular,3,0,False,"[607, 598, 565]","[1779, 1781, 1749]",,
1171,984.5,972.5,3,regular,3,0,False,"[609, 592, 564]","[1782, 1783, 1742]",,
1172,985.5,819.5,3,regular,3,0,False,"[606, 558, 586]","[1775, 1784, 1738]",,
1173,985.5,913.5,3,regular,3,0,False,"[608, 591, 587]","[1780, 1785, 1745]",,
1174,986.5,399.5,3,regular,3,0,False,"[599, 597, 577]","[1758, 1786, 1751]",,
1175,988.5,431.5,3,regular,3,0,False,"[600, 583, 597]","[1787, 1760, 1748]",,
1176,988.5,573.5,3,regular,3,0,False,"[566, 607, 565]","[1704, 1788, 1779]",,
1177,988.5,1023.5,3,regular,2,0,True,"[592, 623, 580]","[1731, 1789, 1723]",,
1178,989.5,700.5,3,regular,3,0,False,"[610, 605, 590]","[1790, 1791, 1773]",,
1179,990.5,513.5,3,regular,3,0,False,"[589, 603, 569]","[1720, 1795, 1769]",,
1180,990.5,692.5,3,regular,3,0,False,"[610, 590, 581]","[1793, 1790, 1754]",,
1181,990.5,955.5,3,regular,3,0,False,"[611, 564, 591]","[1792, 1794, 1729]",,
1182,991.5,833.5,3,regular,3,0,False,"[606, 587, 558]","[1784, 1797, 1739]",,
1183,992.5,924.5,3,regular,3,0,False,"[608, 611, 591]","[1785, 1798, 1792]",,
1184,993.5,528.5,3,regular,3,0,False,"[566, 584, 603]","[1799, 1736, 1770]",,
1185,996.5,960.5,3,regular,3,0,False,"[609, 564, 611]","[1800, 1782, 1794]",,
1186,998.5,256.5,3,regular,3,0,False,"[601, 612, 551]","[1767, 1802, 1796]",,
1187,1000.5,25.5,3,regular,3,0,False,"[613, 585, 570]","[1801, 1803, 1706]",,
1188,1002.5,197.5,3,regular,3,0,False,"[601, 596, 507]","[1804, 1761, 1744]",,
1189,1003.5,794.5,3,regular,3,0,False,"[594, 614, 586]","[1741, 1806, 1805]",,
1190,1003.5,803.5,3,regular,3,0,False,"[614, 606, 586]","[1805, 1807, 1775]",,
1191,1004.5,342.5,3,regular,3,0,False,"[615, 604, 574]","[1808, 1809, 1772]",,
1192,1005.5,-0.5,3,regular,2,0,True,"[613, 570, 623]","[1811, 1801, 1768]",,
1193,1006.5,641.5,3,regular,3,0,False,"[617, 581, 598]","[1813, 1812, 1771]",,
1194,1008.5,370.5,3,regular,3,0,False,"[616, 599, 604]","[1815, 1810, 1777]",,
1195,1008.5,667.5,3,regular,3,0,False,"[617, 610, 581]","[1812, 1816, 1793]",,
1196,1010.5,281.5,3,regular,3,0,False,"[574, 551, 612]","[1818, 1763, 1796]",,
1197,1010.5,429.5,3,regular,3,0,False,"[618, 600, 597]","[1817, 1814, 1787]",,
1198,1012.5,399.5,3,regular,3,0,False,"[616, 597, 599]","[1810, 1819, 1786]",,
1199,1013.5,366.5,3,regular,3,0,False,"[615, 616, 604]","[1809, 1822, 1815]",,
1200,1017.5,85.5,3,regular,3,0,False,"[585, 561, 588]","[1776, 1823, 1735]",,
1201,1019.5,132.5,3,regular,3,0,False,"[561, 602, 595]","[1747, 1824, 1765]",,
1202,1023.5,35.5,3,regular,2,0,True,"[623, 585, 613]","[1811, 1827, 1803]",,
1203,1023.5,39.5,3,regular,2,0,True,"[623, 619, 585]","[1827, 1828, 1821]",,
1204,1023.5,73.5,3,regular,2,0,True,"[623, 585, 619]","[1828, 1829, 1821]",,
1205,1023.5,84.5,3,regular,2,0,True,"[623, 561, 585]","[1829, 1830, 1823]",,
1206,1023.5,133.5,3,regular,2,0,True,"[623, 602, 561]","[1830, 1831, 1824]",,
1207,1023.5,148.5,3,regular,2,0,True,"[623, 593, 602]","[1831, 1832, 1766]",,
1208,1023.5,180.5,3,regular,2,0,True,"[623, 507, 593]","[1832, 1833, 1733]",,
1209,1023.5,194.5,3,regular,2,0,True,"[623, 601, 507]","[1833, 1834, 1804]",,
1210,1023.5,243.5,3,regular,2,0,True,"[623, 612, 601]","[1834, 1835, 1802]",,
1211,1023.5,282.5,3,regular,2,0,True,"[623, 574, 612]","[1835, 1836, 1818]",,
1212,1023.5,326.5,3,regular,2,0,True,"[623, 615, 574]","[1836, 1837, 1808]",,
1213,1023.5,366.5,3,regular,2,0,True,"[623, 616, 615]","[1837, 1838, 1822]",,
1214,1023.5,409.5,3,regular,2,0,True,"[623, 597, 616]","[1838, 1839, 1819]",,
1215,1023.5,426.5,3,regular,2,0,True,"[623, 618, 597]","[1839, 1840, 1817]",,
1216,1023.5,452.5,3,regular,2,0,True,"[623, 600, 618]","[1840, 1841, 1814]",,
1217,1023.5,473.5,3,regular,2,0,True,"[623, 589, 600]","[1841, 1842, 1762]",,
1218,1023.5,501.5,3,regular,2,0,True,"[623, 603, 589]","[1842, 1825, 1795]",,
1219,1023.5,525.5,3,regular,2,0,True,"[623, 566, 603]","[1825, 1843, 1799]",,
1220,1023.5,561.5,3,regular,2,0,True,"[623, 607, 566]","[1843, 1844, 1788]",,
1221,1023.5,590.5,3,regular,2,0,True,"[623, 598, 607]","[1844, 1845, 1781]",,
1222,1023.5,636.5,3,regular,2,0,True,"[623, 617, 598]","[1845, 1846, 1813]",,
1223,1023.5,667.5,3,regular,2,0,True,"[623, 610, 617]","[1846, 1826, 1816]",,
1224,1023.5,694.5,3,regular,2,0,True,"[623, 605, 610]","[1826, 1847, 1791]",,
1225,1023.5,739.5,3,regular,2,0,True,"[623, 594, 605]","[1847, 1848, 1778]",,
1226,1023.5,791.5,3,regular,2,0,True,"[623, 614, 594]","[1848, 1849, 1806]",,
1227,1023.5,814.5,3,regular,2,0,True,"[623, 606, 614]","[1849, 1850, 1807]",,
1228,1023.5,835.5,3,regular,2,0,True,"[623, 587, 606]","[1850, 1851, 1797]",,
1229,1023.5,917.5,3,regular,2,0,True,"[623, 608, 587]","[1851, 1852, 1780]",,
1230,1023.5,925.5,3,regular,2,0,True,"[623, 611, 608]","[1852, 1853, 1798]",,
1231,1023.5,955.5,3,regular,2,0,True,"[623, 609, 611]","[1853, 1854, 1800]",,
1232,1023.5,990.5,3,regular,2,0,True,"[623, 592, 609]","[1854, 1789, 1783]",,
1233,84.5,362.5,2,artificial,2,0,False,"[78, 45]","[197, 197]",,
1234,283.5,891.5,2,artificial,2,0,False,"[189, 181]","[540, 540]",,
1235,492.5,489.5,2,artificial,1,1,False,"[620, 312]","[899, 899]",,
1236,569.5,798.5,2,artificial,1,1,False,"[621, 349]","[1055, 1055]",,
1237,1012.5,449.5,2,artificial,1,1,False,"[622, 618]","[1820, 1820]",,
