n_pred_cells,n_ref_cells,n_matched_cells,n_splits,n_merges,adjacency_pair_f1,adjacency_pair_precision,adjacency_pair_recall,adjacency_component_f1,n_pred_pairs,n_ref_pairs,n_pred_vertices,n_ref_vertices,vertex_f1,vertex_precision,vertex_recall,vertex_incident_set_accuracy,pq,ap50,boundary_f1,variant,image_id,dataset,n_vertex_merges,decode_s,proposal_s
2319,1957,1902,169,104,0.8225861480723303,0.7668575063613231,0.8870493009565857,0.7374425336284692,6288,5436,3940,3428,0.6756243213897937,0.6317258883248731,0.7260793465577596,0.8400964242667738,0.7673142499256294,0.8011794439764112,0.9189015511578769,base,L0_1,hcec,0,11.344013929367065,6.147843599319458
2313,1957,1901,159,102,0.8279514778745942,0.7728867623604466,0.8914643119941134,0.7441582807436465,6270,5436,3924,3428,0.6822633297062024,0.6391437308868502,0.7316219369894983,0.8421052631578947,0.7705501684749697,0.8024482904178979,0.9210939582775615,vw0.3,L0_1,hcec,0,10.711050033569336,6.147843599319458
2304,1957,1901,151,98,0.8297399041752225,0.7755918106206015,0.8920161883738043,0.7467327240112752,6252,5436,3916,3428,0.684640522875817,0.6419816138917263,0.7333722287047841,0.8428798727128083,0.7728635576287332,0.8055084745762712,0.9214469697186319,vw0.6,L0_1,hcec,0,10.73514175415039,6.147843599319458
2311,1957,1897,150,102,0.8253696897170698,0.7708765767204215,0.8881530537159676,0.7433205292360222,6263,5436,3917,3428,0.6801906058543226,0.6377329588971151,0.7287047841306884,0.8386709367493995,0.7700092030645526,0.8000843525938423,0.9204669550026392,vw1.0,L0_1,hcec,0,10.62971806526184,6.147843599319458
2308,1957,1902,159,101,0.8288010945784163,0.7743688079258549,0.8914643119941134,0.743681693989071,6258,5436,3920,3428,0.6750136091453457,0.6326530612244898,0.7234539089848308,0.8411290322580646,0.7721728136210111,0.8049090139652983,0.9225446671690662,smooth1,L0_1,hcec,0,10.780977010726929,6.147843599319458
2309,1957,1901,152,99,0.8289181336523671,0.7740185126077243,0.8922001471670346,0.7445828356935676,6266,5436,3925,3428,0.6799945600435197,0.6369426751592356,0.7292882147024504,0.8424,0.7724043291805948,0.8038054968287527,0.9217958083220643,smooth1_vw0.6,L0_1,hcec,0,10.725971460342407,6.147843599319458
2612,1957,1864,433,109,0.6834354851548198,0.6023572330573874,0.7897350993377483,0.5909488586653941,7127,5436,4473,3428,0.6320718896342236,0.558238318801699,0.7284130688448075,0.6607929515418502,0.6779727035683092,0.68909426987061,0.8940788637317031,dist0.2,L0_1,hcec,0,10.267163753509521,6.147843599319458
2600,1957,1861,428,110,0.6882578174856413,0.6076056338028168,0.7935982339955849,0.5956802422889933,7100,5436,4462,3428,0.6392902408111533,0.5652173913043478,0.735705950991832,0.6661379857256146,0.6802565918224328,0.6902818991097923,0.8938642362166598,dist0.2_vw0.6,L0_1,hcec,0,10.44404935836792,6.147843599319458
2598,1957,1864,426,112,0.6906187624750499,0.6101001551699816,0.7956217807211184,0.6006221584111031,7089,5436,4452,3428,0.6370558375634517,0.5637915543575921,0.7322053675612602,0.6713147410358565,0.6821989665862933,0.6926793013749536,0.8943805532083512,dist0.2_smooth1_vw0.6,L0_1,hcec,0,10.340109825134277,6.147843599319458
2280,1957,1898,159,108,0.8314258669649771,0.7810832659660469,0.8887049300956585,0.7460276561023791,6185,5436,3876,3428,0.6790799561883899,0.6398348813209495,0.7234539089848308,0.844758064516129,0.7731605972562643,0.8114578879863189,0.9195089777853026,seed0.4,L0_1,hcec,0,10.507539510726929,6.147843599319458
2200,1957,1857,137,137,0.824364592462752,0.7872447271509876,0.8651582045621781,0.7399825021872266,5974,5436,3744,3428,0.6840490797546013,0.6551816239316239,0.7155775962660443,0.833265389319201,0.7705852680686439,0.8073913043478261,0.9190891513394794,seed0.5,L0_1,hcec,0,10.249820709228516,6.147843599319458
2268,1957,1897,143,103,0.837718919851609,0.7887896019496344,0.8931199411331862,0.753832902670112,6155,5436,3854,3428,0.6847020049436968,0.6468604047742605,0.7272462077012836,0.8459687123947052,0.7788393986945489,0.8148625429553265,0.9223161117657119,seed0.4_smooth1_vw0.6,L0_1,hcec,0,10.393255949020386,6.147843599319458
2149,1957,1833,106,150,0.8220978772537526,0.7947793233728319,0.8513612950699043,0.7404715475979435,5823,5436,3646,3428,0.6796720384506645,0.6593527153044432,0.7012835472578763,0.8273710482529119,0.7727329920355244,0.8064232292124945,0.9198189350847448,nucmerge,L0_1,hcec,0,11.623266458511353,6.147843599319458
2224,1957,1865,141,126,0.8244727209342861,0.7833719774759854,0.8701250919793966,0.7406054279749477,6038,5436,3785,3428,0.6782198807708305,0.6462351387054162,0.7135355892648775,0.8356500408830744,0.7709284623363685,0.8052677029360967,0.918887509228195,nucmerge_a0.6,L0_1,hcec,0,11.694810152053833,6.147843599319458
2204,1957,1888,107,110,0.8529617946021731,0.8144243641231593,0.89532744665195,0.7708989157047919,5976,5436,3745,3428,0.6889725358985084,0.6598130841121496,0.720828471411902,0.8696883852691218,0.7895045542530791,0.8306203255609327,0.9232432003199108,nucmerge_b0.6,L0_1,hcec,0,11.7959463596344,6.147843599319458
2137,1957,1834,96,147,0.8313145707160671,0.8057665745856354,0.8585356880058866,0.7477333333333334,5792,5436,3623,3428,0.685292866260105,0.6668506762351643,0.704784130688448,0.8340231788079471,0.7782012243297007,0.8115044247787611,0.9216886733698725,nucmerge_smooth1_vw0.6,L0_1,hcec,0,11.785841703414917,6.147843599319458
2216,1957,1867,130,125,0.8323003055434308,0.7919920252533643,0.8769315673289183,0.7466016033461136,6019,5436,3771,3428,0.6825948048340046,0.6515513126491647,0.7167444574095683,0.8400488400488401,0.7760738220035304,0.8096270598438855,0.9214896739651312,nucmerge_a0.6_smooth1_vw0.6,L0_1,hcec,0,11.377839803695679,6.147843599319458
2141,1976,1939,97,40,0.9025008448800271,0.8717153582503673,0.9355403748467332,0.8268712070128119,6127,5709,4003,3729,0.7731505431971029,0.7466899825131151,0.8015553767766157,0.9133489461358314,0.8410700336062745,0.8902662993572085,0.9137872102855636,base,L12_1,hcec,0,9.13674020767212,5.766857624053955
2122,1976,1943,83,43,0.9123759436763084,0.8845394736842105,0.9420213697670345,0.8379453329948379,6080,5709,3975,3729,0.7798546209761164,0.7557232704402516,0.8055779029230357,0.9194407456724367,0.8489700882712435,0.9016241299303944,0.9186955820827899,vw0.3,L12_1,hcec,0,9.055119752883911,5.766857624053955
2114,1976,1945,77,44,0.9185512667913621,0.8924500247811002,0.9462252583639867,0.8446667797185009,6053,5709,3961,3729,0.7794538361508453,0.7566271143650594,0.8037007240547064,0.9265932599265932,0.8524426711726117,0.9067599067599068,0.9200858382420394,vw0.6,L12_1,hcec,0,8.855591535568237,5.766857624053955
2104,1976,1946,70,41,0.9209809264305178,0.8961060480530241,0.9472762305132247,0.8477226376614548,6035,5709,3944,3729,0.7806594552326339,0.7593813387423936,0.8031643872351837,0.9308848080133556,0.8552185479164155,0.9119025304592315,0.9198193020058366,vw1.0,L12_1,hcec,0,9.278228759765625,5.766857624053955
2128,1976,1944,90,41,0.9105223059341405,0.8810615989515073,0.9420213697670345,0.8373743347131873,6104,5709,3989,3729,0.7755895309665716,0.7503133617447982,0.802628050415661,0.9174741062479118,0.8478458620370778,0.9,0.9180921475874152,smooth1,L12_1,hcec,0,10.601909637451172,5.766857624053955
2104,1976,1947,71,37,0.9233390119250425,0.8986901011440889,0.9493781748117008,0.8498087547811305,6031,5709,3942,3729,0.7826880458871073,0.7615423642820903,0.805041566103513,0.9323784143904064,0.8565121901177197,0.9127988748241913,0.9214599390201457,smooth1_vw0.6,L12_1,hcec,0,10.143601417541504,5.766857624053955
2490,1976,1930,471,56,0.7417978748157915,0.6656458797327395,0.837624802942722,0.6566955982641042,7184,5709,4694,3729,0.7116229371957734,0.6384746484874307,0.8037007240547064,0.7277277277277278,0.7309307104177428,0.7610410094637224,0.8790321444901453,dist0.2,L12_1,hcec,0,9.277907133102417,5.766857624053955
2481,1976,1929,458,55,0.7499028220477338,0.6741682974559687,0.8448064459625153,0.6617989746776448,7154,5709,4676,3729,0.715526472337894,0.643071000855432,0.8063824081523197,0.7306285334220153,0.7336806136281789,0.7630537974683544,0.8797628043837514,dist0.2_vw0.6,L12_1,hcec,0,8.39954423904419,5.766857624053955
2480,1976,1930,453,53,0.7505247609422374,0.674727425216662,0.8455070940620073,0.6643362075662238,7154,5709,4675,3729,0.7170395049976203,0.6444919786096257,0.8079914186108876,0.7311649518752075,0.735004948157056,0.7640538400633412,0.8802184100871879,dist0.2_smooth1_vw0.6,L12_1,hcec,0,8.689159870147705,5.766857624053955
2116,1976,1937,87,46,0.907514450867052,0.8815854665565648,0.9350148887721142,0.8318208803324568,6055,5709,3955,3729,0.7764185320145757,0.7542351453855879,0.7999463663180477,0.9138451223600402,0.8450669266316835,0.8988399071925754,0.9151450475881554,seed0.4,L12_1,hcec,0,9.646596193313599,5.766857624053955
2065,1976,1904,71,63,0.9003010752688172,0.8845503718728871,0.9166228761604485,0.8305870236869206,5916,5709,3867,3729,0.7793575566087415,0.7654512542022239,0.7937784928935372,0.9087837837837838,0.8430731313378192,0.8909686476368741,0.915618144030993,seed0.5,L12_1,hcec,0,9.623488187789917,5.766857624053955
2080,1976,1943,60,41,0.9273350471293915,0.9077336017446737,0.9478017165878437,0.8543822146216333,5961,5709,3896,3729,0.786360655737705,0.7695071868583162,0.8039688924644677,0.933955970647098,0.8600791747389921,0.9195456696639849,0.9226019674391518,seed0.4_smooth1_vw0.6,L12_1,hcec,0,9.858578443527222,5.766857624053955
2022,1976,1890,61,85,0.8994791666666667,0.8915849251419721,0.9075144508670521,0.8249155332235987,5811,5709,3801,3729,0.7774236387782203,0.7700605103920021,0.7849289353714133,0.9039972668261018,0.8439371391645152,0.896584440227704,0.9183099323516167,nucmerge,L12_1,hcec,0,9.874075174331665,5.766857624053955
2093,1976,1924,85,54,0.9048106448311156,0.8817955112219451,0.929059379926432,0.8283258149629756,6015,5709,3936,3729,0.7749510763209393,0.7545731707317073,0.7964601769911505,0.9134680134680134,0.8439171868145853,0.896969696969697,0.9159069211476962,nucmerge_a0.6,L12_1,hcec,0,10.074333667755127,5.766857624053955
2061,1976,1930,62,54,0.9201514369299605,0.904278707931676,0.9365913469959712,0.8470588235294116,5913,5709,3864,3729,0.7833530883708678,0.7696687370600414,0.7975328506301957,0.9307330195023538,0.8578471653148845,0.9159943046986236,0.9206711185352351,nucmerge_b0.6,L12_1,hcec,0,10.764262437820435,5.766857624053955
2003,1976,1889,53,86,0.9077741907337928,0.9043810848400556,0.9111928533893852,0.8329124945581193,5752,5709,3763,3729,0.782167645488521,0.7786340685623173,0.7857334406006973,0.9085324232081912,0.8484724597668234,0.9038277511961722,0.9206869770172766,nucmerge_smooth1_vw0.6,L12_1,hcec,0,10.821478605270386,5.766857624053955
2068,1976,1930,61,51,0.9228259936475234,0.9048821548821548,0.9414958836924154,0.8480383758780196,5940,5709,3887,3729,0.7833508403361344,0.7674298945201955,0.7999463663180477,0.9306067717063359,0.8554746265427513,0.912961210974456,0.9212400596667119,nucmerge_a0.6_smooth1_vw0.6,L12_1,hcec,0,10.495782852172852,5.766857624053955
1643,1309,1178,140,163,0.6928804702808621,0.6352095808383234,0.7620689655172413,0.5518407701313907,4175,3480,2513,2112,0.4756756756756757,0.43772383605252685,0.5208333333333334,0.7018181818181818,0.6511345676909815,0.6640360766629086,0.8675466478253492,base,L1_5,hcec,0,11.3361234664917,5.366421937942505
1645,1309,1177,132,158,0.6959812108559498,0.6374282982791587,0.7663793103448275,0.555425601039636,4184,3480,2518,2112,0.47688984881209506,0.4384432088959492,0.5227272727272727,0.7092391304347826,0.6526808986144206,0.6623522791221159,0.8678388006913795,vw0.3,L1_5,hcec,0,11.051939964294434,5.366421937942505
1635,1309,1181,134,157,0.7040669543611874,0.6460283177345812,0.7735632183908046,0.5648775403856175,4167,3480,2508,2112,0.4783549783549783,0.4405901116427432,0.5232007575757576,0.718552036199095,0.6568914267524862,0.6698808848553602,0.8668806884597231,vw0.6,L1_5,hcec,0,10.943753719329834,5.366421937942505
1630,1309,1183,136,155,0.7054354944335297,0.6481347773766546,0.7738505747126436,0.5648317244977824,4155,3480,2500,2112,0.4800520381613183,0.4428,0.5241477272727273,0.7262872628726287,0.6582052088859236,0.6736902050113895,0.864719663368594,vw1.0,L1_5,hcec,0,9.934235095977783,5.366421937942505
1637,1309,1179,130,167,0.7000261301280376,0.6418303785337806,0.7698275862068965,0.5597918022121015,4174,3480,2509,2112,0.477818653971002,0.4400159426066162,0.5227272727272727,0.7065217391304348,0.6552866020266526,0.66723259762309,0.8696527870713768,smooth1,L1_5,hcec,0,10.446913480758667,5.366421937942505
1627,1309,1181,134,160,0.7057281426137109,0.6488310436249699,0.7735632183908046,0.5698615826586576,4149,3480,2494,2112,0.48284845853234915,0.4458700882117081,0.5265151515151515,0.7158273381294964,0.6588945188535845,0.672934472934473,0.8671202966451395,smooth1_vw0.6,L1_5,hcec,0,11.037010192871094,5.366421937942505
1888,1309,1153,368,170,0.5458677191723478,0.46752714607662366,0.6557471264367816,0.4100178890876566,4881,3480,2967,2112,0.435912581216775,0.3731041456016178,0.5241477272727273,0.4914182475158085,0.5552236340516569,0.5640900195694716,0.8288129187060879,dist0.2,L1_5,hcec,0,10.771806955337524,5.366421937942505
1870,1309,1162,356,160,0.5642874309060323,0.4849235852953325,0.674712643678161,0.42711702000239543,4842,3480,2943,2112,0.44233432245301674,0.37988447162759087,0.5293560606060606,0.5250447227191414,0.5648018257312981,0.5761031234506693,0.8286679238741861,dist0.2_vw0.6,L1_5,hcec,0,10.453068494796753,5.366421937942505
1858,1309,1162,345,159,0.5672289156626505,0.4883817427385892,0.6764367816091954,0.43083573487031696,4820,3480,2932,2112,0.4504361617763679,0.3874488403819918,0.5378787878787878,0.5176056338028169,0.5687202574644173,0.5795511221945138,0.830298560050458,dist0.2_smooth1_vw0.6,L1_5,hcec,0,9.70864200592041,5.366421937942505
1574,1309,1163,126,164,0.6997333333333332,0.6527363184079602,0.7540229885057471,0.5549209722406695,4020,3480,2422,2112,0.48125275694750774,0.4504541701073493,0.5165719696969697,0.6993583868011,0.6592557985227562,0.6761627906976744,0.8685031980581254,seed0.4,L1_5,hcec,0,10.818123817443848,5.366421937942505
1490,1309,1129,105,177,0.6966538672517828,0.6663168940188877,0.7298850574712644,0.5507167235494881,3812,3480,2302,2112,0.48164929768917086,0.46177237185056474,0.5033143939393939,0.7083725305738476,0.6577860595944881,0.6760479041916168,0.866576115701586,seed0.5,L1_5,hcec,0,10.621869802474976,5.366421937942505
1563,1309,1165,122,164,0.7086340550654905,0.6624187906046977,0.7617816091954023,0.5682332578884303,4002,3480,2411,2112,0.4877293831527747,0.4574865201161344,0.5222537878787878,0.7071622846781505,0.6638845735228522,0.6824838898652607,0.8673274366490624,seed0.4_smooth1_vw0.6,L1_5,hcec,0,10.693631887435913,5.366421937942505
1457,1309,1067,86,215,0.6367575122292104,0.6198639455782313,0.6545977011494253,0.5014609711979964,3675,3480,2197,2112,0.4683221165003481,0.459262630860264,0.4777462121212121,0.6134786917740337,0.6308827639853738,0.6280164802825191,0.8654374978418685,nucmerge,L1_5,hcec,0,10.940337419509888,5.366421937942505
1531,1309,1106,110,196,0.6569680489462949,0.6234838709677419,0.6942528735632184,0.5203736293488561,3875,3480,2324,2112,0.4693417493237151,0.44793459552495696,0.4928977272727273,0.6455331412103746,0.6369606246813617,0.6387766878245816,0.8657326560051699,nucmerge_a0.6,L1_5,hcec,0,11.703007221221924,5.366421937942505
1518,1309,1145,90,174,0.7054813198800107,0.6712506486766995,0.7433908045977011,0.5617702959543849,3854,3480,2315,2112,0.4843008809577592,0.4630669546436285,0.5075757575757576,0.7042910447761194,0.6649824212104478,0.6807372175980975,0.86994504073466,nucmerge_b0.6,L1_5,hcec,0,12.242967128753662,5.366421937942505
1438,1309,1067,86,213,0.6478279207085618,0.634186622625929,0.6620689655172414,0.516029679406412,3633,3480,2169,2112,0.47418827376781125,0.46795758414015676,0.4805871212121212,0.6295566502463055,0.6371594979875904,0.6351190476190476,0.8645325487253632,nucmerge_smooth1_vw0.6,L1_5,hcec,0,12.32763934135437,5.366421937942505
1517,1309,1112,107,196,0.6726702142174921,0.640426084697324,0.7083333333333334,0.5395487904321826,3849,3480,2304,2112,0.47554347826086957,0.4557291666666667,0.4971590909090909,0.6676190476190477,0.6458328678292568,0.6487747957992999,0.8649586808731878,nucmerge_a0.6_smooth1_vw0.6,L1_5,hcec,0,10.975132703781128,5.366421937942505
2589,2480,2446,76,38,0.9345464421510049,0.9167443719195417,0.9530535936850851,0.8964489021415017,7507,7221,4927,4738,0.8767718572167615,0.8599553480819971,0.8942591810890671,0.9270710408307765,0.8822107121106882,0.9325200152497141,0.9607159763626124,base,L20_2,hcec,0,9.295089960098267,6.0431272983551025
2574,2480,2450,53,38,0.9446032394174493,0.9286765689816673,0.9610857221991413,0.9066829665851671,7473,7221,4911,4738,0.8798839257954191,0.8643860720830788,0.8959476572393414,0.9387514723203769,0.8893535597475405,0.9408602150537635,0.9650910650938894,vw0.3,L20_2,hcec,0,9.178348064422607,6.0431272983551025
2569,2480,2451,53,39,0.9468092351699243,0.9315196998123827,0.9626090569173245,0.90931339225017,7462,7221,4903,4738,0.8818587283476819,0.8670201917193555,0.8972140143520473,0.9395436367913432,0.8907598976158968,0.9434180138568129,0.9656867483833089,vw0.6,L20_2,hcec,0,9.340759515762329,6.0431272983551025
2566,2480,2450,55,35,0.9482006543075245,0.933565964300094,0.9633014817892259,0.9108102592013062,7451,7221,4895,4738,0.883836810962317,0.8696629213483146,0.898480371464753,0.9417430115104534,0.8912326848034265,0.9437596302003082,0.9658327812512183,vw1.0,L20_2,hcec,0,8.553906679153442,6.0431272983551025
2584,2480,2446,75,37,0.9354071860354547,0.9178885630498533,0.9536075335826063,0.8990912789909128,7502,7221,4925,4738,0.8765393770050708,0.8598984771573605,0.8938370620514985,0.9293978748524203,0.8854196049712314,0.9350401222774168,0.9630258924406964,smooth1,L20_2,hcec,0,8.847327947616577,6.0431272983551025
2566,2480,2451,48,40,0.9488891917677525,0.9341204883939354,0.9641323916355076,0.9133333333333333,7453,7221,4897,4738,0.8815775817332641,0.8672656728609353,0.8963697762769101,0.9437249823404756,0.8930595793325458,0.9445086705202312,0.9670780136865655,smooth1_vw0.6,L20_2,hcec,0,9.088960886001587,6.0431272983551025
2793,2480,2443,293,33,0.857124234128536,0.8096293559906416,0.9105387065503393,0.8061722768409402,8121,7221,5326,4738,0.8439984101748808,0.797408937288772,0.8963697762769101,0.8332940899458441,0.8256687919704971,0.8632508833922261,0.9442585018056447,dist0.2,L20_2,hcec,0,8.992849111557007,6.0431272983551025
2788,2480,2441,294,35,0.8590437675298416,0.811960542540074,0.9119235562941421,0.8071409955694554,8110,7221,5322,4738,0.8469184890656063,0.8004509582863585,0.8991135500211059,0.8333333333333334,0.8259325756742895,0.8634594977007428,0.9446319769354162,dist0.2_vw0.6,L20_2,hcec,0,9.00647234916687,6.0431272983551025
2791,2480,2442,294,35,0.8596388291283656,0.8121458487312145,0.9130314360891844,0.8086741338890336,8118,7221,5328,4738,0.8448241605404332,0.7980480480480481,0.8974250738708316,0.8360771401693321,0.8268394363765544,0.8632025450689289,0.9451399760080975,dist0.2_smooth1_vw0.6,L20_2,hcec,0,8.67804741859436,6.0431272983551025
2580,2480,2443,71,40,0.9366072643177797,0.9203315064830905,0.953469048608226,0.898031228784793,7481,7221,4910,4738,0.8774875621890547,0.8621181262729124,0.8934149430139299,0.9296007559650367,0.8830319834463782,0.9335116545662973,0.9610106888636791,seed0.4,L20_2,hcec,0,8.356525659561157,6.0431272983551025
2557,2480,2425,69,49,0.9308012842407268,0.9184416284712861,0.9434981304528459,0.8937069612054273,7418,7221,4870,4738,0.8780183180682765,0.8661190965092402,0.8902490502321655,0.9246088193456614,0.880410364518889,0.928407350689127,0.9609615384367161,seed0.5,L20_2,hcec,0,9.011276721954346,6.0431272983551025
2556,2480,2448,43,42,0.9510479961766914,0.9379208187449501,0.9645478465586483,0.9151502760171745,7426,7221,4880,4738,0.8818881264296112,0.8690573770491803,0.8951034191642043,0.9464748879981136,0.8940886577941319,0.9459041731066461,0.9673630750471377,seed0.4_smooth1_vw0.6,L20_2,hcec,0,9.173547506332397,6.0431272983551025
2521,2480,2426,44,54,0.9422521655437921,0.9355631399317406,0.9490375294280571,0.9067453509915596,7325,7221,4812,4738,0.8812565445026178,0.8744804655029094,0.8881384550443225,0.9386882129277566,0.8904536773678916,0.9421359223300971,0.9653929693461455,nucmerge,L20_2,hcec,0,10.188339948654175,6.0431272983551025
2563,2480,2439,68,44,0.9362601404322038,0.9219924812030075,0.950976319069381,0.8986118671747414,7448,7221,4893,4738,0.8775828055238294,0.8636828121806662,0.8919375263824398,0.9294841457643161,0.8849138536264421,0.9366359447004609,0.9622344988106025,nucmerge_a0.6,L20_2,hcec,0,9.659348487854004,6.0431272983551025
2532,2480,2438,44,46,0.9473106476399561,0.9386811692726037,0.9561002631214514,0.9125522152982264,7355,7221,4831,4738,0.8830598808652942,0.8745601324777479,0.8917264668636555,0.9441420118343196,0.8937298491972859,0.9471639471639471,0.9660665109626846,nucmerge_b0.6,L20_2,hcec,0,9.390575170516968,6.0431272983551025
2518,2480,2427,30,58,0.9482663731425426,0.9421736158578263,0.954438443428888,0.9147095179233621,7315,7221,4807,4738,0.8836039811419593,0.8772623257749116,0.8900379907133812,0.9471188048375623,0.8943098298944545,0.9439906651108518,0.9683148616171148,nucmerge_smooth1_vw0.6,L20_2,hcec,0,10.195870399475098,6.0431272983551025
2550,2480,2442,42,46,0.9483324220885729,0.9361759546619889,0.9608087522503809,0.9129485605130304,7411,7221,4871,4738,0.8816734311582891,0.8696366249230137,0.8940481215702828,0.9447592067988668,0.8929492323050473,0.9435857805255023,0.9672134900340376,nucmerge_a0.6_smooth1_vw0.6,L20_2,hcec,0,10.213109731674194,6.0431272983551025
1925,1726,1661,131,72,0.8186073168401949,0.7803678747040612,0.8607874648453194,0.7037916943837308,5491,4978,3566,3236,0.5965892384592767,0.5689848569826136,0.627008652657602,0.814687037949729,0.7828867225729939,0.8346733668341708,0.8937675147048684,base,L24_2,hcec,0,7.8957741260528564,6.0755321979522705
1920,1726,1660,130,73,0.8185032973334608,0.7806745670009115,0.8601848131779831,0.7053342207853951,5485,4978,3566,3236,0.5971773007938842,0.5695457094784072,0.6276266996291718,0.8193008370260956,0.7839603398548449,0.8358509566968781,0.8938788420563412,vw0.3,L24_2,hcec,0,7.6117260456085205,6.0755321979522705
1917,1726,1657,128,74,0.8182861514919664,0.7809419496166484,0.8593812776215347,0.7046060144651694,5478,4978,3559,3236,0.5963208241353937,0.569261028378758,0.6260815822002472,0.8203356367226061,0.7841157123483762,0.8343403826787512,0.8935964792786618,vw0.6,L24_2,hcec,0,8.424604415893555,6.0755321979522705
1914,1726,1658,127,71,0.8208612440191387,0.7838084795321637,0.8615910004017677,0.705647081230359,5472,4978,3556,3236,0.5959952885747938,0.5691788526434196,0.6254635352286774,0.8176877470355731,0.7849263203085224,0.8365287588294652,0.8934829902259909,vw1.0,L24_2,hcec,0,8.37423825263977,6.0755321979522705
1922,1726,1657,131,73,0.8177302254489874,0.7795992714025501,0.8597830453997589,0.7057593613381485,5490,4978,3569,3236,0.5942689199118295,0.566545250770524,0.6248454882571075,0.8160237388724035,0.7832875542002337,0.832245102963335,0.8944235076736472,smooth1,L24_2,hcec,0,8.246244668960571,6.0755321979522705
1915,1726,1661,126,70,0.8221117061973986,0.7845929171230376,0.8633989554037766,0.7061286638751427,5478,4978,3561,3236,0.5926143887008976,0.5655714686885707,0.6223733003708282,0.8167825223435948,0.7859615383205606,0.8388888888888889,0.8938701044220768,smooth1_vw0.6,L24_2,hcec,0,8.422409057617188,6.0755321979522705
1992,1726,1641,195,79,0.7666354264292409,0.7185523541813071,0.8216151064684613,0.6567164179104478,5692,4978,3696,3236,0.5865551067512983,0.5500541125541125,0.6282447466007417,0.7575012297097885,0.7523624820334774,0.7900818488204141,0.8863832260228989,dist0.2,L24_2,hcec,0,7.697092056274414,6.0755321979522705
1991,1726,1640,196,78,0.7690433804928324,0.7206321334503951,0.8244274809160306,0.6575904513241329,5695,4978,3701,3236,0.5867089519965403,0.5498513915158065,0.6288627935723115,0.7621621621621621,0.7524613235394971,0.7896003851709196,0.8856396822555263,dist0.2_vw0.6,L24_2,hcec,0,8.255497932434082,6.0755321979522705
1987,1726,1639,198,80,0.7702550637659414,0.7223003869152304,0.8250301325833668,0.6593857929618221,5686,4978,3694,3236,0.5829725829725829,0.5468327016783974,0.6242274412855378,0.7564356435643564,0.7531148284532614,0.7902603664416586,0.8860472911795323,dist0.2_smooth1_vw0.6,L24_2,hcec,0,8.505110740661621,6.0755321979522705
1894,1726,1656,124,78,0.8249229583975346,0.792267850536441,0.8603856970670952,0.7088243748203507,5406,4978,3511,3236,0.5990810730695124,0.5756194816291654,0.6245364647713226,0.8179119247897081,0.7871660222900628,0.8431771894093686,0.8945582013333476,seed0.4,L24_2,hcec,0,8.311009407043457,6.0755321979522705
1853,1726,1653,108,84,0.8410086651737902,0.815983374267901,0.8676175170751306,0.7227118644067796,5293,4978,3440,3236,0.603355302576393,0.5854651162790697,0.6223733003708282,0.8306852035749752,0.7956442353731682,0.8582554517133957,0.8960620306509928,seed0.5,L24_2,hcec,0,8.111819744110107,6.0755321979522705
1884,1726,1658,119,75,0.8306653809064609,0.7987759643916914,0.8652069104057855,0.7143268400345457,5392,4978,3504,3236,0.5952522255192878,0.5724885844748858,0.6199011124845488,0.8235294117647058,0.7914390410010991,0.8493852459016393,0.894878557995054,seed0.4_smooth1_vw0.6,L24_2,hcec,0,8.158871412277222,6.0755321979522705
1758,1726,1646,75,104,0.8714000000000001,0.8675826363998407,0.8752511048613901,0.7425900139248061,5022,4978,3265,3236,0.6122135056145209,0.6094946401225115,0.6149567367119901,0.8562814070351759,0.8136358776871944,0.8955386289445049,0.8988114512461467,nucmerge,L24_2,hcec,0,8.410409212112427,6.0755321979522705
1817,1726,1656,111,85,0.8509927265578926,0.8331408775981525,0.8696263559662515,0.7257260193605164,5196,4978,3379,3236,0.6068027210884355,0.5939627108612016,0.6202101359703337,0.833582461385152,0.8034235616638529,0.8775834658187599,0.8963976833404895,nucmerge_a0.6,L24_2,hcec,0,9.264819860458374,6.0755321979522705
1790,1726,1665,76,89,0.8783582829384357,0.8670972793110198,0.8899156287665729,0.7502218716102947,5109,4978,3320,3236,0.6122635753508237,0.6045180722891567,0.6202101359703337,0.8644743398106627,0.816947050033687,0.899513776337115,0.8999679353787466,nucmerge_b0.6,L24_2,hcec,0,9.322643756866455,6.0755321979522705
1753,1726,1652,70,105,0.8811524609843937,0.8776404942208051,0.8846926476496585,0.7497263409294458,5018,4978,3263,3236,0.6096322511155562,0.6071100214526509,0.6121755253399258,0.8642099949520444,0.8174375400283977,0.9042145593869731,0.898736327657309,nucmerge_smooth1_vw0.6,L24_2,hcec,0,9.29879641532898,6.0755321979522705
1816,1726,1657,110,85,0.8531866836885005,0.8345821325648415,0.8726396143029329,0.7275036638983878,5205,4978,3386,3236,0.6028390214436726,0.5894861193148258,0.6168108776266996,0.8356713426853707,0.804240916156566,0.8790450928381963,0.89566524592905,nucmerge_a0.6_smooth1_vw0.6,L24_2,hcec,0,9.207589626312256,6.0755321979522705
1818,1564,1492,155,79,0.7732497387669802,0.7195643718397511,0.8355916892502259,0.6460093896713616,5142,4428,3301,2833,0.526899250081513,0.48954862162980917,0.5704200494175785,0.7363861386138614,0.747933135096591,0.7894179894179895,0.8875430180165539,base,L2_1,hcec,0,8.689449310302734,5.45860743522644
1814,1564,1498,148,78,0.7847942192899781,0.731693028705331,0.8462059620596206,0.6601860562349744,5121,4428,3283,2833,0.5359712230215827,0.49923850137069753,0.5785386516060713,0.7571690054911532,0.7532058186191651,0.7968085106382978,0.8887884538783986,vw0.3,L2_1,hcec,0,8.856393098831177,5.45860743522644
1810,1564,1498,144,79,0.7873388533696678,0.734598083317035,0.8482384823848238,0.659759288330717,5113,4428,3276,2833,0.5382222949746276,0.5018315018315018,0.5803035651253089,0.7572992700729927,0.7540149134578426,0.7985074626865671,0.8875161761170625,vw0.6,L2_1,hcec,0,8.631813526153564,5.45860743522644
1810,1564,1501,145,81,0.7886408886094519,0.7356793743890518,0.8498193315266486,0.65829671479389,5115,4428,3279,2833,0.5363219895287958,0.4998475144861238,0.5785386516060713,0.760829774252593,0.7541179658827541,0.801388147357181,0.8850742046301594,vw1.0,L2_1,hcec,0,8.84615969657898,5.45860743522644
1813,1564,1500,149,77,0.7870535246674347,0.733932408673569,0.8484643179765131,0.6626254180602006,5119,4428,3286,2833,0.531786239581631,0.4951308581862447,0.5743028591599012,0.759680393362016,0.7558503319786473,0.7991475759190197,0.8915663801794083,smooth1,L2_1,hcec,0,8.306020259857178,5.45860743522644
1808,1564,1501,140,78,0.7913125590179415,0.7389770723104057,0.8516260162601627,0.6653403141361257,5103,4428,3274,2833,0.5325036842967087,0.49664019547953575,0.5739498764560537,0.7656826568265682,0.7569312166555073,0.8022447888829503,0.8885947229323534,smooth1_vw0.6,L2_1,hcec,0,8.340125322341919,5.45860743522644
2021,1564,1455,360,92,0.643327760841774,0.5697613656157464,0.7387082204155375,0.5210216110019646,5741,4428,3691,2833,0.49908031882280807,0.44107287997832567,0.5746558418637486,0.5829238329238329,0.6648322017258108,0.6830985915492958,0.865763373467824,dist0.2,L2_1,hcec,0,8.58790636062622,5.45860743522644
2020,1564,1454,349,95,0.6501968503937009,0.5762386601535241,0.7459349593495935,0.5244837758112094,5732,4428,3681,2833,0.5041449186367823,0.4460744362944852,0.5795975997176138,0.5925700365408039,0.6649291696497087,0.6826291079812207,0.8638402800226539,dist0.2_vw0.6,L2_1,hcec,0,8.64138650894165,5.45860743522644
2021,1564,1454,351,96,0.6507920889501131,0.5766346992153444,0.7468383017163505,0.5252604678592491,5735,4428,3685,2833,0.50107394906413,0.44314789687924017,0.5764207553829862,0.5933864053888549,0.6653658816155364,0.6823087752229,0.8643951146317083,dist0.2_smooth1_vw0.6,L2_1,hcec,0,8.543643474578857,5.45860743522644
1775,1564,1473,145,89,0.7666913554121256,0.7212821023292852,0.8182023486901535,0.6425100359180225,5023,4428,3225,2833,0.5292175635523275,0.4970542635658915,0.5658312742675609,0.7311291328758578,0.7470865095072791,0.7893890675241158,0.8870720709686541,seed0.4,L2_1,hcec,0,8.608789443969727,5.45860743522644
1715,1564,1438,135,112,0.7549568965517242,0.7219703215169002,0.7911020776874436,0.6325981710597096,4852,4428,3114,2833,0.5293425256431815,0.5054592164418754,0.555594775855983,0.7185514612452351,0.7422093141339673,0.7810972297664313,0.8867099146719832,seed0.5,L2_1,hcec,0,7.841864824295044,5.45860743522644
1767,1564,1482,131,89,0.7840305797409217,0.7398797595190381,0.8337850045167118,0.6601674260887995,4990,4428,3202,2833,0.5335542667771334,0.5028107432854466,0.5683021531944935,0.7596273291925466,0.7553369538543362,0.8015143320713899,0.8878517934724965,seed0.4_smooth1_vw0.6,L2_1,hcec,0,8.826294660568237,5.45860743522644
1623,1564,1461,80,120,0.8227469238443631,0.8079686479425212,0.8380758807588076,0.6877006531606332,4593,4428,2944,2833,0.5362644971438463,0.5261548913043478,0.5467702082597953,0.7817947062621046,0.7801422886904712,0.8464658169177288,0.8931928797053597,nucmerge,L2_1,hcec,0,9.830848693847656,5.45860743522644
1727,1564,1484,130,87,0.7972523344424172,0.7596645530783391,0.8387533875338753,0.6645949421345907,4889,4428,3139,2833,0.5311453449430678,0.5052564510990761,0.5598305683021532,0.7484237074401009,0.7658873218227799,0.8212506917542889,0.889577913914121,nucmerge_a0.6,L2_1,hcec,0,9.5647554397583,5.45860743522644
1654,1564,1485,81,96,0.8351262349066959,0.812473302007689,0.8590785907859079,0.7029160271870205,4682,4428,3002,2833,0.543273350471294,0.527981345769487,0.5594775855983057,0.8012618296529969,0.7897132678482082,0.8568955568378535,0.8955381786386943,nucmerge_b0.6,L2_1,hcec,0,9.648200035095215,5.45860743522644
1624,1564,1462,79,121,0.8297447280799113,0.815800960279354,0.8441734417344173,0.6935341009743137,4582,4428,2940,2833,0.538714706391824,0.5289115646258503,0.5488881044828804,0.7935691318327974,0.7813017264415221,0.847045191193511,0.8914629868636427,nucmerge_smooth1_vw0.6,L2_1,hcec,0,8.929487228393555,5.45860743522644
1713,1564,1485,116,91,0.8095392252077264,0.7751601570572433,0.8471093044263776,0.6782215523737755,4839,4428,3108,2833,0.5366099983167817,0.5128700128700129,0.5626544299329332,0.7741530740276035,0.7722173751884738,0.8286830357142857,0.8896496762759569,nucmerge_a0.6_smooth1_vw0.6,L2_1,hcec,0,9.692214488983154,5.45860743522644
1756,1631,1617,61,31,0.9170701555578449,0.8878914821464193,0.9482317852577758,0.8540041067761808,5013,4694,3258,3056,0.7808045612923661,0.7565991405770411,0.8066099476439791,0.9172413793103448,0.8646634935736042,0.9135593220338983,0.9429938944125792,base,L30_2,hcec,0,7.628744840621948,5.999485015869141
1751,1631,1614,62,31,0.9174917491749174,0.8892443022790884,0.9475926714955262,0.8542951089190299,5002,4694,3254,3056,0.7847860538827257,0.7609096496619545,0.8102094240837696,0.9192245557350566,0.8650447855485377,0.9128959276018099,0.943685722800811,vw0.3,L30_2,hcec,0,7.803860187530518,5.999485015869141
1754,1631,1613,62,29,0.9157569515962924,0.8863636363636364,0.9471665956540264,0.8512515387771851,5016,4694,3269,3056,0.7870355731225297,0.7613949219944938,0.8144633507853403,0.9152269987946967,0.8635173629893617,0.9102708803611738,0.9425433822328719,vw0.6,L30_2,hcec,0,7.05365777015686,5.999485015869141
1749,1631,1613,60,30,0.9169072164948454,0.8883339992009589,0.9473796335747763,0.8533853899106134,5006,4694,3260,3056,0.7865737808739709,0.7619631901840491,0.81282722513089,0.9154589371980676,0.8645405148888466,0.9128466327108092,0.9423393364538065,vw1.0,L30_2,hcec,0,7.183077335357666,5.999485015869141
1746,1631,1616,59,31,0.9206939281288723,0.8933867735470942,0.9497230507030251,0.8582012759827125,4990,4694,3246,3056,0.7857822913360838,0.762784966112138,0.8102094240837696,0.9220516962843296,0.8681131153677522,0.9176604202157865,0.9458796192450118,smooth1,L30_2,hcec,0,7.717203378677368,5.999485015869141
1750,1631,1614,62,31,0.9179212208702825,0.8894884092725819,0.9482317852577758,0.853678586107686,5004,4694,3257,3056,0.7859971487406938,0.7617439361375499,0.8118455497382199,0.920596533655784,0.8654858477643549,0.9134125636672326,0.9437208764530314,smooth1_vw0.6,L30_2,hcec,0,7.837764263153076,5.999485015869141
1869,1631,1592,177,35,0.8293508562325766,0.7785046728971963,0.8873029399233063,0.7600516231509978,5350,4694,3480,3056,0.7555079559363526,0.7094827586206897,0.8079188481675392,0.8144997974888619,0.8087906016651448,0.8343815513626834,0.9260799488712509,dist0.2,L30_2,hcec,0,7.868324518203735,5.999485015869141
1864,1631,1593,178,31,0.8334828101644245,0.782999438307433,0.8909245845760545,0.7657756136341051,5341,4694,3477,3056,0.7613653757844788,0.7152717860224331,0.8138089005235603,0.8190591073582629,0.8104138166449659,0.8375394321766562,0.9260374850487737,dist0.2_vw0.6,L30_2,hcec,0,7.6799094676971436,5.999485015869141
1863,1631,1595,177,32,0.835725677830941,0.7853128512551517,0.8930549637835534,0.7658051689860834,5338,4694,3473,3056,0.7609128503599325,0.7152317880794702,0.81282722513089,0.823268921095008,0.8114454468387166,0.8399157451290152,0.9263948834075151,dist0.2_smooth1_vw0.6,L30_2,hcec,0,7.4671790599823,5.999485015869141
1738,1631,1614,53,33,0.9220254737496116,0.8970380818053597,0.9484448231785257,0.8587057487872846,4963,4694,3225,3056,0.7845884413309981,0.764031007751938,0.806282722513089,0.9212662337662337,0.8682690329712631,0.9196581196581196,0.9439730183117655,seed0.4,L30_2,hcec,0,7.01821494102478,5.999485015869141
1695,1631,1593,41,48,0.9195932487682148,0.9052631578947369,0.9343843204090329,0.8563068241195527,4845,4694,3148,3056,0.7843326885880078,0.77287166454892,0.7961387434554974,0.917796958487464,0.867987190879792,0.9192152336987882,0.9439581138759325,seed0.5,L30_2,hcec,0,7.487091302871704,5.999485015869141
1732,1631,1613,53,32,0.9250699554357964,0.9007063572149344,0.9507882403067746,0.859650934627698,4955,4694,3226,3056,0.7892390958293538,0.7684438933663981,0.8111910994764397,0.9253731343283582,0.870207058888923,0.9217142857142857,0.9447594410380031,seed0.4_smooth1_vw0.6,L30_2,hcec,0,7.938493251800537,5.999485015869141
1659,1631,1577,33,52,0.9183867894569704,0.9126867241742057,0.9241585002130379,0.8549425044835953,4753,4694,3095,3056,0.7871890749471631,0.7822294022617124,0.7922120418848168,0.9165634035522512,0.8701935746681715,0.9206071220081729,0.9450982471092456,nucmerge,L30_2,hcec,0,8.721447706222534,5.999485015869141
1694,1631,1598,47,39,0.9245599329421628,0.9096907216494845,0.93992330634853,0.8589033942558747,4850,4694,3156,3056,0.7852543464262717,0.7728136882129277,0.7981020942408377,0.9208692086920869,0.8712486867537099,0.9253039953676896,0.9437511833227061,nucmerge_a0.6,L30_2,hcec,0,8.535750150680542,5.999485015869141
1687,1631,1600,35,40,0.9292016806722689,0.9164939908827187,0.9422667234767789,0.8665061250130875,4826,4694,3139,3056,0.7896690879741727,0.7792290538388021,0.800392670157068,0.929272281275552,0.8773256527693922,0.9313154831199069,0.9466147286538273,nucmerge_b0.6,L30_2,hcec,0,8.004368543624878,5.999485015869141
1656,1631,1577,32,51,0.9222457627118644,0.9171934260429836,0.9273540690242863,0.8591638513513514,4746,4694,3091,3056,0.7919310232633805,0.787447428016823,0.7964659685863874,0.9248151191454396,0.8716983552446439,0.9222222222222223,0.9452782797532535,nucmerge_smooth1_vw0.6,L30_2,hcec,0,8.243172407150269,5.999485015869141
1689,1631,1597,45,39,0.9275301520713162,0.9134476347862012,0.942053685556029,0.8606668757186161,4841,4694,3153,3056,0.7901433403124497,0.7779892166190929,0.8026832460732984,0.9282511210762332,0.8732747078734261,0.926871735345328,0.944602824590895,nucmerge_a0.6_smooth1_vw0.6,L30_2,hcec,0,8.531547784805298,5.999485015869141
1310,1177,1171,34,16,0.9240182128628345,0.884741144414169,0.9669446098868374,0.9006114033840467,3670,3358,2366,2178,0.871919014084507,0.8372781065088757,0.9095500459136823,0.93891973750631,0.8786678242052275,0.8898176291793313,0.9659154892978605,base,L33_2,hcec,0,7.621968507766724,5.930849552154541
1315,1177,1170,35,16,0.9179909194097616,0.8766937669376694,0.9633710541989279,0.8936471922858764,3690,3358,2380,2178,0.87011847301448,0.8331932773109244,0.9104683195592287,0.929904185577408,0.875704072658282,0.8850226928895613,0.9655119267098725,vw0.3,L33_2,hcec,0,7.280913829803467,5.930849552154541
1313,1177,1170,33,18,0.9200170478761187,0.8796522684053246,0.9642644431209053,0.8949758728356514,3681,3358,2374,2178,0.8743409490333918,0.8382476832350463,0.9136822773186409,0.9326633165829146,0.8769076032166137,0.8863636363636364,0.9660821980806529,vw0.6,L33_2,hcec,0,6.792117357254028,5.930849552154541
1309,1177,1170,32,22,0.921086307407934,0.8813605442176871,0.964562239428231,0.8974140380789998,3675,3358,2369,2178,0.8775016494391906,0.8421274799493457,0.9159779614325069,0.9338345864661655,0.8781520520438224,0.8890577507598785,0.965738749596393,vw1.0,L33_2,hcec,0,7.140235662460327,5.930849552154541
1304,1177,1170,30,17,0.9221130570981062,0.8834924965893588,0.9642644431209053,0.8994167022336036,3665,3358,2366,2178,0.8741197183098591,0.8393913778529163,0.9118457300275482,0.9340382678751259,0.881719555858663,0.8924485125858124,0.9677229860241653,smooth1,L33_2,hcec,0,7.490428447723389,5.930849552154541
1305,1177,1170,31,17,0.9216970387243735,0.8829787234042553,0.9639666468135795,0.8978372225384177,3666,3358,2365,2178,0.8773937926480301,0.8427061310782241,0.9150596877869606,0.9347717009533367,0.8807120482894849,0.8917682926829268,0.967361625158763,smooth1_vw0.6,L33_2,hcec,0,7.524381637573242,5.930849552154541
1432,1177,1155,159,20,0.8089249492900609,0.7408967054743621,0.8907087552114353,0.7714981070849107,4037,3358,2606,2178,0.8281772575250835,0.7601688411358404,0.9095500459136823,0.7990913679959616,0.8011475889712456,0.7943603851444292,0.939453753535277,dist0.2,L33_2,hcec,0,7.523695707321167,5.930849552154541
1433,1177,1155,159,20,0.8122211707448966,0.7437484525872741,0.8945801072066706,0.7704785077047851,4039,3358,2606,2178,0.8323578595317725,0.764006139677667,0.9141414141414141,0.801607232546459,0.8011199735755233,0.7938144329896907,0.9396496170354693,dist0.2_vw0.6,L33_2,hcec,0,7.504075288772583,5.930849552154541
1431,1177,1155,160,19,0.811629479377958,0.7433737924201139,0.8936867182846933,0.7717685235262304,4037,3358,2607,2178,0.8342737722048066,0.7656309934790947,0.9164370982552801,0.8001002004008017,0.8021473074812566,0.7949070887818307,0.9403280419894852,dist0.2_smooth1_vw0.6,L33_2,hcec,0,7.096583366394043,5.930849552154541
1292,1177,1167,28,21,0.9277936962750715,0.8939812258420762,0.9642644431209053,0.9049527626681935,3622,3358,2336,2178,0.8768276473194507,0.8471746575342466,0.9086317722681359,0.9408792319353209,0.8829099630640066,0.8963133640552995,0.9682422149264136,seed0.4,L33_2,hcec,0,6.88949179649353,5.930849552154541
1269,1177,1157,23,28,0.9269703543022414,0.9010402024177678,0.9544371649791542,0.903785033227391,3557,3358,2295,2178,0.8777107086966243,0.8553376906318083,0.9012855831037649,0.9358125318390219,0.8825480281758382,0.8975950349107835,0.9681202688481416,seed0.5,L33_2,hcec,0,7.300149202346802,5.930849552154541
1286,1177,1165,26,21,0.9250179211469535,0.8918993641139066,0.9606908874329958,0.9025508741759816,3617,3358,2334,2178,0.8820921985815603,0.8526135389888603,0.9136822773186409,0.9376884422110553,0.8849992889984843,0.8975346687211094,0.969329829703411,seed0.4_smooth1_vw0.6,L33_2,hcec,0,7.554376602172852,5.930849552154541
1258,1177,1169,16,14,0.9515239477503629,0.9280860702151755,0.9761762954139369,0.9282088469905728,3532,3358,2279,2178,0.8849001570563158,0.8652917946467749,0.9054178145087236,0.9650101419878296,0.8995482757224698,0.9233807266982622,0.9712973015680246,nucmerge,L33_2,hcec,0,8.145099401473999,5.930849552154541
1269,1177,1170,20,13,0.9463950296199972,0.9191692394049958,0.9752829064919595,0.9216110870506714,3563,3358,2300,2178,0.8820902188477,0.8586956521739131,0.9067952249770431,0.959493670886076,0.8956108856411374,0.9169278996865203,0.9693076925036197,nucmerge_a0.6,L33_2,hcec,0,8.209221601486206,5.930849552154541
1269,1177,1173,16,12,0.9508528476438277,0.923876404494382,0.9794520547945206,0.9282103134479271,3560,3358,2296,2178,0.8846669646848457,0.8619337979094077,0.9086317722681359,0.9646286003031834,0.8992433745878453,0.9214454045561665,0.9713799040228286,nucmerge_b0.6,L33_2,hcec,0,7.937490224838257,5.930849552154541
1255,1177,1170,17,13,0.9496736765772298,0.9256432004523607,0.9749851101846337,0.9256413973039571,3537,3358,2285,2178,0.8890880573605198,0.8682713347921225,0.9109274563820018,0.9596774193548387,0.9010290465306438,0.9270998415213946,0.9712274092177564,nucmerge_smooth1_vw0.6,L33_2,hcec,0,7.629353284835815,5.930849552154541
1263,1177,1169,20,12,0.9433362243422955,0.9165730337078651,0.9717093508040501,0.9188095926032938,3560,3358,2300,2178,0.887896382313533,0.8643478260869565,0.9127640036730946,0.9532193158953722,0.8973180928831564,0.919748229740362,0.9699887359412034,nucmerge_a0.6_smooth1_vw0.6,L33_2,hcec,0,8.389972448348999,5.930849552154541
1788,1502,1427,181,94,0.750868809730669,0.6938980329185066,0.8180312352106011,0.6391774891774893,4982,4226,3178,2697,0.5933617021276597,0.5484581497797357,0.646273637374861,0.7280550774526678,0.7317985881070489,0.7659688674181427,0.8887330208113721,base,L4_1,hcec,0,8.55254077911377,5.986894130706787
1778,1502,1432,171,91,0.7634303149177292,0.707533831549182,0.8289162328442972,0.6535706533535923,4951,4226,3162,2697,0.59873698583376,0.5547122074636306,0.650352243233222,0.7468643101482326,0.7388823443251594,0.7748917748917749,0.8896197290790084,vw0.3,L4_1,hcec,0,8.60673189163208,5.986894130706787
1768,1502,1429,168,91,0.7639222537671981,0.7092457420924574,0.8277330809275911,0.6572361262241567,4932,4226,3150,2697,0.6047545749957243,0.5612698412698413,0.6555431961438636,0.751131221719457,0.7406013115143717,0.7762085822922324,0.8885142348569399,vw0.6,L4_1,hcec,0,7.80654239654541,5.986894130706787
1770,1502,1431,172,92,0.764493940386505,0.7097101155483478,0.8284429720776147,0.6547709716026547,4933,4226,3149,2697,0.6038316797810469,0.5604953953636075,0.6544308490915832,0.7518413597733711,0.7396494939846978,0.77729494839761,0.885608888620412,vw1.0,L4_1,hcec,0,8.40900707244873,5.986894130706787
1772,1502,1433,176,91,0.7654374863626446,0.7101214574898785,0.8300993847610033,0.660143509458578,4940,4226,3154,2697,0.6019483848914716,0.5583386176284084,0.6529477196885428,0.7501419647927314,0.7418262893020348,0.7783813145029875,0.8932165961264578,smooth1,L4_1,hcec,0,8.416696548461914,5.986894130706787
1758,1502,1431,167,90,0.7696014016644765,0.7162657969832857,0.8315191670610507,0.6633922724296005,4906,4226,3133,2697,0.6061749571183533,0.5639961698052984,0.6551724137931034,0.7651386530843237,0.7451758430936226,0.7823947512301804,0.890522758616117,smooth1_vw0.6,L4_1,hcec,0,8.758456230163574,5.986894130706787
2011,1502,1390,409,110,0.6117527862208714,0.5349043231750532,0.7143871273071463,0.5007578053955745,5644,4226,3612,2697,0.5566650816294183,0.48615725359911405,0.6510938079347423,0.5580865603644647,0.639544530124504,0.6547338671691003,0.860830300960876,dist0.2,L4_1,hcec,0,8.171707153320312,5.986894130706787
2006,1502,1395,398,104,0.6219425555668324,0.5445175048871512,0.7250354945575012,0.5058192490638599,5627,4226,3601,2697,0.5639885677993014,0.493196334351569,0.6585094549499444,0.5698198198198198,0.6432959470809005,0.6601987695220066,0.8594237893888507,dist0.2_vw0.6,L4_1,hcec,0,8.011390209197998,5.986894130706787
2000,1502,1395,402,105,0.6217121966081041,0.5445650240170788,0.7243256034074775,0.5073931537370873,5621,4226,3600,2697,0.5685246942988725,0.49722222222222223,0.6637004078605858,0.5675977653631284,0.6450266134540836,0.662078785002373,0.8602431337974918,dist0.2_smooth1_vw0.6,L4_1,hcec,0,7.6435301303863525,5.986894130706787
1732,1502,1418,159,100,0.7660185594343792,0.7184003315375052,0.8203975390440132,0.6536767943637165,4826,4226,3078,2697,0.5998268398268398,0.5627030539311241,0.6421950315164998,0.7378752886836027,0.741382342454351,0.7808370044052864,0.8906211174817232,seed0.4,L4_1,hcec,0,8.64644455909729,5.986894130706787
1638,1502,1358,134,140,0.7403189066059226,0.7136583223539745,0.7690487458589683,0.6308146131154981,4554,4226,2903,2697,0.6000000000000001,0.5787116775749225,0.6229143492769744,0.7035714285714286,0.7292554953764693,0.7620650953984287,0.888838027995078,seed0.5,L4_1,hcec,0,8.288060903549194,5.986894130706787
1700,1502,1424,144,97,0.7887166908239491,0.74573055028463,0.8369616658778988,0.6796310701189021,4743,4226,3028,2697,0.611703056768559,0.5782694848084544,0.6492398961809418,0.7766990291262136,0.7564687238914949,0.8008998875140607,0.8926835813101882,seed0.4_smooth1_vw0.6,L4_1,hcec,0,8.764772653579712,5.986894130706787
1590,1502,1387,98,127,0.7972286374133949,0.7785295444294091,0.8168480832938949,0.68323553100909,4434,4226,2827,2697,0.6100651701665459,0.5960382030420941,0.624768261030775,0.772700296735905,0.7640822583050818,0.8134897360703812,0.8957044357679218,nucmerge,L4_1,hcec,0,9.464592456817627,5.986894130706787
1689,1502,1407,149,104,0.7718120805369129,0.731862537123462,0.8163748225272125,0.6573785109228711,4714,4226,3009,2697,0.6000701016473887,0.5689597873047524,0.6347793845012978,0.7383177570093458,0.7467436462362385,0.7886771300448431,0.8913280788311915,nucmerge_a0.6,L4_1,hcec,0,8.656739950180054,5.986894130706787
1603,1502,1400,98,122,0.8040027605244996,0.7822291853178156,0.8270231897775674,0.6902005730659027,4468,4226,2848,2697,0.6113615870153292,0.5951544943820225,0.628476084538376,0.7799410029498525,0.7690305138656657,0.8211143695014663,0.8965213206764413,nucmerge_b0.6,L4_1,hcec,0,9.29257607460022,5.986894130706787
1568,1502,1383,93,125,0.8083226781355342,0.794379712131597,0.8227638428774254,0.6947758600718175,4377,4226,2793,2697,0.6193078324225866,0.6086645184389545,0.6303299962921765,0.8005882352941176,0.7690295953517035,0.8197984588026082,0.8948942139335729,nucmerge_smooth1_vw0.6,L4_1,hcec,0,9.607647895812988,5.986894130706787
1659,1502,1408,135,102,0.7932279909706546,0.7583081570996979,0.8315191670610507,0.6813631762456417,4634,4226,2961,2697,0.6125839519264759,0.5852752448497129,0.64256581386726,0.7824581650317368,0.7589745897308293,0.8031945236737023,0.8926485070528049,nucmerge_a0.6_smooth1_vw0.6,L4_1,hcec,0,9.485304832458496,5.986894130706787
1780,1411,1268,230,151,0.6417672511956274,0.5788824979457683,0.7199795605518651,0.447900113507378,4868,3914,3054,2444,0.35831211349581665,0.32252783235101506,0.4030278232405892,0.6121827411167513,0.6243078337127762,0.6593863754550182,0.7978670175348431,base,L5_1,hcec,0,8.266993284225464,6.138067007064819
1773,1411,1271,224,145,0.6491788321167883,0.5863205603625875,0.7271333673990802,0.45171551920018177,4854,3914,3051,2444,0.36178343949044584,0.3257948213700426,0.4067103109656301,0.6116700201207244,0.6276199745539716,0.6644014636696288,0.7978835018720114,vw0.3,L5_1,hcec,0,8.910932779312134,6.138067007064819
1769,1411,1272,225,143,0.6504566210045662,0.5879075526207181,0.727899846704139,0.4529632578773745,4846,3914,3043,2444,0.3637689083287771,0.3279658232007887,0.4083469721767594,0.6032064128256514,0.6288260066332167,0.6666666666666666,0.7965519804038098,vw0.6,L5_1,hcec,0,8.959491729736328,6.138067007064819
1767,1411,1270,225,140,0.6490747087045923,0.5869834710743802,0.725855901890649,0.4493281712593942,4840,3914,3036,2444,0.36313868613138683,0.32773386034255597,0.40711947626841244,0.6100502512562814,0.6276800848733443,0.6656184486373166,0.794341339837839,vw1.0,L5_1,hcec,0,8.873786926269531,6.138067007064819
1772,1411,1271,228,145,0.6478037649743298,0.5852401566687281,0.7253449156872764,0.45434906196702673,4851,3914,3045,2444,0.3614501730734196,0.3257799671592775,0.40589198036006546,0.626008064516129,0.6281816289995197,0.6647489539748954,0.7992368033664888,smooth1,L5_1,hcec,0,9.201270580291748,6.138067007064819
1766,1411,1271,226,147,0.6508063593732127,0.5891488921101677,0.7268778742973939,0.45708423572324175,4829,3914,3028,2444,0.3644005847953216,0.32926023778071334,0.40793780687397707,0.6088264794383149,0.6294150089560709,0.6668415529905561,0.7968768333175248,smooth1_vw0.6,L5_1,hcec,0,8.223319292068481,6.138067007064819
2049,1411,1210,450,165,0.4818723226413123,0.40763655647869895,0.5891670924885029,0.3197165485619008,5657,3914,3571,2444,0.32884455527847045,0.2769532343881266,0.4046644844517185,0.416582406471183,0.525482179806682,0.5377777777777778,0.772653345826275,dist0.2,L5_1,hcec,0,8.250354290008545,6.138067007064819
2036,1411,1215,450,162,0.4925592119052609,0.4175550817341862,0.600408788962698,0.3240305215846138,5628,3914,3551,2444,0.33194328607172646,0.2802027597859758,0.40711947626841244,0.4100502512562814,0.529831375649964,0.5443548387096774,0.7716416193536757,dist0.2_vw0.6,L5_1,hcec,0,8.56649661064148,6.138067007064819
2034,1411,1212,447,159,0.4905620805369127,0.4160441124155105,0.5975983648441492,0.32534783973218956,5622,3914,3544,2444,0.33299933199732795,0.28132054176072235,0.40793780687397707,0.41323971915747243,0.52941299383172,0.5427675772503359,0.7712101095499632,dist0.2_smooth1_vw0.6,L5_1,hcec,0,8.786415815353394,6.138067007064819
1718,1411,1252,215,158,0.6483159117305458,0.594335604770017,0.7130812468063362,0.45486111111111105,4696,3914,2945,2444,0.3625904620523288,0.33174872665534805,0.3997545008183306,0.6192425793244627,0.6307573136572211,0.6670218433670752,0.7987216277823196,seed0.4,L5_1,hcec,0,8.787496328353882,6.138067007064819
1610,1411,1208,185,192,0.6353564547206165,0.6009111617312073,0.6739908022483393,0.4482303539292141,4390,3914,2748,2444,0.36248073959938365,0.34243085880640467,0.3850245499181669,0.6057385759829969,0.62820520980405,0.6662989520132377,0.7971824896454227,seed0.5,L5_1,hcec,0,8.353400468826294,6.138067007064819
1705,1411,1252,212,158,0.6552327616380819,0.6029632810822418,0.7174246295350025,0.4633267464837847,4657,3914,2919,2444,0.3677046429237368,0.3377869133264817,0.4034369885433715,0.6176470588235294,0.6342089405835932,0.6716738197424893,0.7973495569472298,seed0.4_smooth1_vw0.6,L5_1,hcec,0,8.044350147247314,6.138067007064819
1550,1411,1264,158,170,0.7226313205694648,0.6953235710911667,0.7521716913643332,0.5073349633251835,4234,3914,2653,2444,0.3731606827545615,0.3584621183565775,0.3891162029459902,0.704521556256572,0.6755128509538163,0.7448438420742487,0.8025572387400368,nucmerge,L5_1,hcec,0,10.049048900604248,6.138067007064819
1643,1411,1271,203,162,0.6871136471707086,0.642507781236105,0.7383750638732755,0.4805117877028788,4498,3914,2822,2444,0.36612229396126095,0.3416017009213324,0.3944353518821604,0.6587136929460581,0.654286397512894,0.7128435221536736,0.7989318566046251,nucmerge_a0.6,L5_1,hcec,0,9.802096128463745,6.138067007064819
1570,1411,1278,159,158,0.7292682926829268,0.6976201586560896,0.7639243740419008,0.5143343051506317,4286,3914,2685,2444,0.37512185611230264,0.35828677839851025,0.39361702127659576,0.7110187110187111,0.6800389452969624,0.7504403992953611,0.8039579245581054,nucmerge_b0.6,L5_1,hcec,0,10.1028573513031,6.138067007064819
1542,1411,1264,153,165,0.7279665189561793,0.702375296912114,0.7554931016862545,0.513851434175043,4210,3914,2638,2444,0.37741046831955927,0.36353297952994695,0.3923895253682488,0.6986444212721585,0.6783350086317084,0.7483718176435761,0.8008665054497529,nucmerge_smooth1_vw0.6,L5_1,hcec,0,9.45266318321228,6.138067007064819
1624,1411,1274,188,149,0.6990546846954648,0.6574386675669592,0.7462953500255494,0.4923700524558894,4443,3914,2786,2444,0.37284894837476096,0.3499641062455133,0.39893617021276595,0.6564102564102564,0.6618834797569376,0.7234525837592277,0.7984767268254785,nucmerge_a0.6_smooth1_vw0.6,L5_1,hcec,0,9.110073804855347,6.138067007064819
