face_id,label,area_poly_px,area_pixels,perimeter_px,n_sides,n_cell_neighbors_multiplicity,n_cell_neighbors_distinct,n_gap_sides,n_holes,touches_border,centroid_row,centroid_col,area_um2,perimeter_um
0,714,1457.5148315429688,1458,192.12339435540468,4,3,3,0,0,True,13.915175671888552,22.52637606343757,,
1,701,1412.0855407714844,1413,168.27672179210072,6,5,5,0,0,True,27.011562386715262,61.929082218968915,,
2,399,1274.8488464355469,1275,144.89003378433944,6,5,5,0,0,True,28.830132397918106,88.07809369498355,,
3,672,294.04296875,294,78.01807561395461,4,3,3,0,0,True,4.901642553692018,108.76993354228938,,
4,705,432.73046875,433,87.80142341674019,4,3,3,0,0,True,6.866036336516097,136.9540948480947,,
5,670,1747.9002227783203,1746,242.6050880281086,7,6,6,0,0,True,36.584917361707134,146.66115530228714,,
6,627,2974.19970703125,2973,270.94492074431264,7,6,6,0,0,True,30.63894991660007,223.28860635610184,,
7,477,1338.163833618164,1338,147.81636191766233,5,4,4,0,0,True,15.045060554010906,275.3988586153013,,
8,581,468.65406799316406,469,87.68465489270214,4,3,3,0,0,True,8.048956802317624,311.2751277708406,,
9,262,696.9290618896484,697,132.14409431740035,5,4,4,0,0,True,16.484540037743276,336.4922147681803,,
10,474,756.7736968994141,757,121.59434969379483,5,4,4,0,0,True,23.40542936988709,354.36696525384787,,
11,598,602.9567718505859,603,121.66021841975223,4,3,3,0,0,True,12.472782341050793,371.72524678711557,,
12,700,437.05364990234375,436,94.99698197041631,5,4,4,0,0,True,7.187360079838824,405.04984184827515,,
13,447,1452.28271484375,1452,170.8835841962045,6,5,5,0,0,True,23.274410376049275,431.16698818929393,,
14,269,769.2470703125,769,146.17538139520911,5,4,4,0,0,True,21.682361259535398,465.2026735440358,,
15,125,319.76953125,320,88.7449269277928,4,3,3,0,0,True,4.326583515043794,486.9241228557402,,
16,570,1226.5141296386719,1226,142.64212786883252,5,4,4,0,0,True,17.75367796183493,519.2749565973032,,
17,441,3486.792678833008,3486,381.9459490573994,9,8,8,0,0,True,39.74660626891694,546.5506663083574,,
18,336,1817.1132049560547,1816,220.61220897519053,7,6,6,0,0,True,25.18599341781256,613.1972819958102,,
19,62,1054.3472290039062,1056,167.5660341952651,4,3,3,0,0,True,10.676337675486726,649.5902136382088,,
20,444,521.7394561767578,521,109.911437944565,5,4,4,0,0,True,10.086217631574083,686.6260502405182,,
21,7,2019.484130859375,2018,230.93421930986665,6,5,5,0,0,True,21.236110774799947,753.8884716506176,,
22,671,1357.8289489746094,1359,172.7802667695011,3,2,2,0,0,True,9.921493299401746,793.6387813007457,,
23,316,3641.1050567626953,3639,335.71083122662577,9,8,8,0,0,True,23.034479500317108,843.5430002323163,,
24,299,647.7722473144531,648,111.79103762800841,4,3,3,0,0,True,14.811036147257246,909.795436714433,,
25,292,257.78515625,258,68.55261832387997,5,4,4,0,0,True,7.3283451346165505,932.8509627678314,,
26,459,847.34765625,848,121.0069530753448,4,3,3,0,0,True,12.493671482191866,958.3718335516588,,
27,573,2449.079559326172,2447,351.4302719268492,6,5,5,0,0,True,31.44671147516582,996.8667820974093,,
28,203,2892.9220581054688,2894,244.41263000364552,6,6,6,0,0,False,45.48310678077774,177.7423289796494,,
29,414,2077.267074584961,2079,241.53427373996604,5,5,5,0,0,False,52.89594747777426,986.6211485597685,,
30,61,4024.971405029297,4024,406.27712233103773,10,10,10,0,0,False,84.37842748192745,444.7886556612012,,
31,508,1903.0705871582031,1904,229.97041602987377,6,6,6,0,0,False,39.92383912312634,721.7544634664526,,
32,609,1207.9223937988281,1209,147.30513334648558,5,5,5,0,0,False,31.72724952260165,384.73537281062653,,
33,24,2354.571792602539,2356,211.24300456644792,5,5,5,0,0,False,44.4665929310727,483.5134209865408,,
34,575,1180.54296875,1181,129.1369057673772,5,5,5,0,0,False,30.058325928469227,119.57213687678679,,
35,516,861.1709899902344,862,116.94551289455254,6,6,6,0,0,False,33.275497702574484,941.0493218473239,,
36,450,1689.5157775878906,1689,174.14737387767832,8,8,8,0,0,False,37.081056195782715,313.36312202890605,,
37,699,1075.08984375,1076,130.3260059535946,4,4,4,0,0,False,35.88461910659128,31.069485376569446,,
38,608,974.605712890625,974,147.67864073621325,8,8,8,0,0,False,38.85208358762706,907.2237960461142,,
39,49,963.1032257080078,964,199.78316724150218,6,6,6,0,0,False,28.66505451114061,675.718742400882,,
40,58,1742.2665252685547,1744,170.2626468293846,5,5,5,0,0,False,46.27956225556237,258.6714248760931,,
41,621,1065.7834014892578,1067,142.7216405809796,5,5,5,0,0,False,47.38616083286943,404.1278187763703,,
42,460,1001.9486541748047,1002,136.86676735107767,4,4,4,0,0,False,43.6373410535674,570.275021391264,,
43,214,458.2761688232422,459,109.14614587193584,3,3,3,0,0,False,35.590115206503015,861.2380088217551,,
44,464,3873.4161071777344,3873,292.111058583818,6,6,6,0,0,False,64.34634578973602,643.9402138133461,,
45,630,739.7854614257812,742,123.77816012961098,3,3,3,0,0,False,55.447688672244496,203.35787271122047,,
46,507,2285.838821411133,2286,220.98451581330247,6,6,6,0,0,False,65.04144242590905,761.7219130176486,,
47,583,1212.8939056396484,1211,159.02625619033472,6,6,6,0,0,False,60.693503752493505,818.448896037624,,
48,641,732.0130004882812,733,111.07802091726664,4,4,4,0,0,False,55.98735421072468,931.9536971042622,,
49,684,1166.2418975830078,1166,139.38485214159212,6,6,6,0,0,False,65.98172477964111,103.99732440171083,,
50,233,1309.9608612060547,1311,148.8386462231104,5,5,5,0,0,False,63.20089914342588,692.8599553226999,,
51,363,1859.3151550292969,1859,236.7709308049264,8,8,8,0,0,False,64.94870945366772,876.2808647847183,,
52,708,641.4392852783203,642,101.56514737966008,4,3,3,0,0,True,58.71925204830299,9.898829786452827,,
53,226,1533.6012878417969,1532,177.8584349208155,8,8,8,0,0,False,64.85058480138134,364.0069847400507,,
54,288,1189.0281219482422,1189,150.20811577643985,5,5,5,0,0,False,65.95619356371024,507.3854698762809,,
55,393,2573.237762451172,2573,251.4316562937373,8,8,8,0,0,False,73.80287584538523,573.7005234202093,,
56,704,1926.7036743164062,1926,179.09518632591926,6,6,6,0,0,False,76.72259783920944,69.1157960641525,,
57,540,905.5052947998047,904,129.32309365574275,5,5,5,0,0,False,64.59123698064444,289.74152661912643,,
58,620,693.6289367675781,695,108.79155428182983,5,5,5,0,0,False,66.80025989289638,956.2988428040366,,
59,278,168.0843963623047,170,55.68657688547502,3,3,3,0,0,False,58.78790522802788,550.2699806371012,,
60,709,2043.7203674316406,2041,199.85884429830992,8,7,7,0,0,True,83.26823359167271,24.517423522663577,,
61,53,1867.3748168945312,1868,226.69789557605935,6,6,6,0,0,False,90.18077859658997,321.84051857284896,,
62,271,3629.0536499023438,3625,308.7576027763946,13,13,13,0,0,False,101.52681683752624,913.763259121992,,
63,492,1651.687484741211,1652,171.64380630865355,6,6,6,0,0,False,89.58775835689323,406.01695962601264,,
64,660,993.5400390625,994,132.1520828982999,5,5,5,0,0,False,76.99452363603096,855.5053753551554,,
65,697,3280.590377807617,3282,250.46788150197762,7,7,7,0,0,False,95.32342590445036,145.5893916495025,,
66,504,1003.3715209960938,1005,140.89852502015134,5,5,5,0,0,False,91.48798665036463,343.73778298072835,,
67,357,1843.7505493164062,1844,188.1960828731257,5,5,5,0,0,False,92.61166508072981,815.2045736171049,,
68,403,1205.46630859375,1205,142.95650668775204,6,5,5,0,0,True,88.95409404684717,1003.3553711175826,,
69,327,2176.411819458008,2175,208.09039217177573,9,9,9,0,0,False,89.90509781460536,236.3251683900944,,
70,554,1409.7812805175781,1411,153.0908438173358,7,7,7,0,0,False,95.30143751907217,702.3719252395498,,
71,473,3085.1420135498047,3083,275.6078474896812,8,8,8,0,0,False,110.6895158347812,638.2663787537516,,
72,389,2869.094467163086,2867,263.3489240045087,8,8,8,0,0,False,107.98023393467626,753.6158388372502,,
73,189,1087.2909851074219,1087,142.70170823634322,6,6,6,0,0,False,93.82875576157501,285.70722731843586,,
74,139,1531.1175079345703,1532,162.296089970909,4,4,4,0,0,False,109.23862401270351,373.6690076865007,,
75,638,1018.6128387451172,1018,131.60470998684875,5,5,5,0,0,False,99.24195821469775,585.9048488345464,,
76,685,1331.3519592285156,1332,176.51354083171742,4,3,3,0,0,True,123.71314593189493,1012.2413013981097,,
77,667,2650.7035522460938,2648,251.00190371926772,8,8,8,0,0,False,131.76884397146972,88.11485429757721,,
78,234,865.1315155029297,866,150.52124684144906,6,6,6,0,0,False,111.35780633060087,864.6186304760433,,
79,237,657.7263031005859,660,104.52067141210335,3,3,3,0,0,False,101.68065768214153,882.1021190333871,,
80,337,914.2366180419922,915,121.02643785935621,5,5,5,0,0,False,103.20776430960812,966.9629595146239,,
81,380,1125.1885070800781,1125,155.47953457804508,5,5,5,0,0,False,110.35128911728012,184.62264335543213,,
82,462,1174.443099975586,1175,147.56929373676735,5,5,5,0,0,False,104.52886934552596,476.16487570204305,,
83,453,1700.753158569336,1700,211.21766332048512,7,7,7,0,0,False,120.4748081317963,504.8022491237494,,
84,256,523.3281860351562,525,93.03133379501261,4,4,4,0,0,False,107.3211593194899,306.03888819722016,,
85,166,2008.0679931640625,2009,186.82123267497542,5,5,5,0,0,False,126.29259504668633,49.7111347233796,,
86,490,3498.3021392822266,3497,298.9082322976619,7,7,7,0,0,False,145.4825622789058,822.2300938746453,,
87,501,2859.6730194091797,2860,234.54304241161273,6,6,6,0,0,False,134.27845191697577,542.6602818149195,,
88,41,356.3557891845703,357,91.21686100447975,3,3,3,0,0,False,114.70830898890706,938.9571770992289,,
89,471,1101.3045501708984,1101,183.18643751295477,5,4,4,0,0,True,128.4687823328109,20.564504902232752,,
90,112,1836.1674499511719,1837,185.634974246228,6,6,6,0,0,False,129.6636064547725,263.63734981574953,,
91,480,869.8922576904297,869,116.45758756565343,6,6,6,0,0,False,120.89973266246834,222.8685664605339,,
92,647,1792.2406463623047,1792,197.64741829620448,5,5,5,0,0,False,130.29998595824858,700.8692308988188,,
93,674,2310.7903900146484,2308,231.71042097650593,8,8,8,0,0,False,135.61078202948144,970.4765734869587,,
94,392,2372.524673461914,2373,225.8981559417728,5,5,5,0,0,False,144.84274187297328,120.2091918632264,,
95,376,3237.8723754882812,3233,383.18558845550353,12,12,12,0,0,False,136.32801484742225,355.82246570234344,,
96,273,2441.155746459961,2442,230.15981680614942,6,6,6,0,0,False,145.87797168508925,782.3968084379425,,
97,264,1204.611343383789,1207,135.66869575134382,4,4,4,0,0,False,129.54176955308222,660.0851731215017,,
98,37,387.2275695800781,388,74.59164889086196,5,5,5,0,0,False,123.94126078864336,294.05161935657634,,
99,703,395.66693115234375,397,78.98267121586237,3,2,2,0,0,True,128.6342063920502,7.507158366777553,,
100,222,579.6328125,580,113.80816482246799,4,4,4,0,0,False,125.01122281477869,471.34579736822377,,
101,613,1441.717025756836,1442,152.1112641857864,5,5,5,0,0,False,141.5975827492496,586.4356124939281,,
102,538,1521.2753448486328,1521,158.9260805109692,7,7,7,0,0,False,136.2251016009457,177.54078865955088,,
103,341,2083.553024291992,2082,216.37474293867237,6,5,5,1,1,False,158.4607345410378,433.6022416615631,,
104,645,1278.3146362304688,1279,144.58678217346028,6,6,6,0,0,False,148.9882037554613,234.34068393049304,,
105,589,2503.342727661133,2505,278.7594357270234,4,4,4,0,0,False,175.10647301577976,507.2391140448129,,
106,550,1207.8875274658203,1207,150.20619116566974,5,5,5,0,0,False,149.3502464365298,856.6111286285856,,
107,157,1479.2005157470703,1481,167.3639433551083,4,4,4,0,0,False,157.61812307067774,744.1233976106772,,
108,362,1342.7835845947266,1344,162.36297459394495,5,5,5,0,0,False,155.23890161562156,930.8304186964749,,
109,373,2046.7999572753906,2044,221.75964326431375,7,7,7,0,0,False,172.13902718334836,271.5262755177356,,
110,585,1001.9203338623047,1003,144.10924999364534,5,5,5,0,0,False,157.22594481437443,192.57781541386456,,
111,130,1115.5747375488281,1115,170.36498684714195,6,6,6,0,0,False,153.80126377080205,697.2039668704327,,
112,607,2364.918655395508,2363,251.34220537094734,8,8,8,0,0,False,185.41193939589857,475.5073745384604,,
113,436,3425.790573120117,3425,384.37545236337405,9,9,8,0,0,False,191.4198222379507,597.6827596261872,,
114,126,1249.3156127929688,1249,143.2316695815893,6,6,6,0,0,False,159.5058061336204,899.1730826609213,,
115,193,1591.0437316894531,1591,171.10242411393978,7,7,7,0,0,False,171.89954118129594,641.5742982392068,,
116,358,585.1938781738281,585,96.46646103056217,4,4,4,0,0,False,157.4038358020051,397.33566311952603,,
117,259,1311.2858581542969,1311,189.99790611267184,6,5,5,0,0,True,163.9892959871041,31.88146743247996,,
118,229,1867.2885284423828,1868,193.05357118539106,6,6,6,0,0,False,173.4729040725457,365.82063521104584,,
119,604,2097.4533081054688,2096,205.50412592499222,7,6,6,0,0,True,175.54999641941694,993.7998538615409,,
120,48,3309.109420776367,3307,405.3487209611799,11,11,10,0,0,False,202.03761264949188,543.7696083384665,,
121,57,1591.561050415039,1592,180.90922109200284,5,5,5,0,0,False,172.37560811001114,321.0960286034675,,
122,549,605.4181213378906,606,102.36760511392558,4,4,4,0,0,False,167.752831735062,143.15899723085988,,
123,361,1866.7259368896484,1865,219.40559844499626,8,8,8,0,0,False,186.48219740285552,147.85814971230116,,
124,296,4526.501647949219,4525,384.5714107029297,8,8,8,0,0,False,216.55061422396275,932.9428473305243,,
125,277,849.7698364257812,852,118.51363545692547,4,4,4,0,0,False,175.01462510133868,61.40833339277643,,
126,381,2264.8826446533203,2264,245.96790733882102,7,7,7,0,0,False,185.1625807784333,725.707337735981,,
127,612,2555.203903198242,2554,283.6724131240634,8,8,8,0,0,False,194.88305265355527,832.2462959386596,,
128,14,2617.9017486572266,2616,310.8033424909313,8,8,8,0,0,False,198.06741576212212,222.46742604232233,,
129,198,1069.8226623535156,1071,132.11160906706533,4,4,4,0,0,False,179.3663436847008,200.19233536272736,,
130,158,2417.7718811035156,2417,232.99309184408793,7,7,7,0,0,False,200.15462758621217,426.67611041567585,,
131,274,1640.1160430908203,1639,168.68851926331646,8,8,8,0,0,False,196.11945288459586,664.5534193489102,,
132,601,697.67578125,699,106.12827245404762,5,5,5,0,0,False,188.37765688200034,875.6589909087,,
133,100,2276.048599243164,2274,262.9218086313306,9,8,8,0,0,True,199.22388360439223,45.12294459829778,,
134,305,1209.4971008300781,1211,150.50618493005555,7,7,7,0,0,False,189.6083830125908,97.32281916105325,,
135,579,1612.1063995361328,1612,185.88430546792927,5,5,5,0,0,False,205.2447789467091,895.7175490944686,,
136,535,1090.2541809082031,1092,142.3208094404069,5,5,5,0,0,False,196.70847167817655,287.70517352803904,,
137,696,572.7018432617188,573,105.4606577190756,4,3,3,0,0,True,195.34658640408537,1015.7609036403551,,
138,241,1071.3209991455078,1073,163.62481196712895,2,2,2,0,0,False,192.18116204509022,571.1778547545404,,
139,251,1376.0630798339844,1377,160.21069735991972,4,4,4,0,0,False,205.53626102824813,700.234630599192,,
140,426,1641.7295837402344,1641,184.5393132520151,6,6,6,0,0,False,204.6454466299508,782.0722621322775,,
141,219,2076.534408569336,2075,212.4062368347482,9,9,9,0,0,False,219.46979007153138,312.35193740001864,,
142,690,3027.049072265625,3025,308.64386909740915,7,7,7,0,0,False,213.90140403655369,377.59443856662256,,
143,617,813.3613433837891,813,137.71142202625742,5,5,5,0,0,False,210.96380422658882,621.7726259551603,,
144,561,696.16015625,698,104.59428194412115,5,5,5,0,0,False,211.0206526883308,849.5773800485036,,
145,161,1836.1962890625,1837,211.06976907008914,5,5,5,0,0,False,225.1206063457795,995.823747910572,,
146,242,1027.2285766601562,1030,148.44902075934624,4,4,4,0,0,False,227.23316550753512,958.1076692310501,,
147,338,452.46763610839844,454,87.85899596307304,4,3,3,0,0,True,211.6201669889863,10.223295464315209,,
148,329,1180.1354370117188,1181,135.48385867908758,6,6,6,0,0,False,219.34827242206885,171.83988964529263,,
149,27,2391.967559814453,2389,286.64046001948833,10,9,9,1,1,False,247.28074217787292,865.5055888423879,,
150,412,499.2834014892578,500,92.67370973276059,3,3,3,0,0,False,213.36374879504123,30.993979074070783,,
151,155,1431.391357421875,1432,171.81066035138042,5,5,5,0,0,False,216.10457466335387,121.41816803206395,,
152,119,1738.1415100097656,1738,187.02898592912288,5,5,5,0,0,False,227.71620539825028,744.5093343534974,,
153,64,1321.8906707763672,1322,164.9526747628105,6,6,6,0,0,False,225.4480901236897,472.9739069302658,,
154,531,1831.596694946289,1831,215.88060641118489,6,5,5,0,0,True,231.60427423914288,39.21468216116715,,
155,574,1020.4774780273438,1019,153.7185233804356,5,5,5,0,0,False,227.56443575929072,268.611656725095,,
156,644,661.5852661132812,663,107.98420580452724,4,4,4,0,0,False,228.09467337681295,627.609575024465,,
157,449,5277.055099487305,5276,421.81630317700996,9,9,9,0,0,False,267.18004952833,722.5997372141015,,
158,29,1783.2186889648438,1784,234.47887566336664,5,5,5,0,0,False,233.8106209198254,224.26989801761522,,
159,382,1115.47265625,1115,140.36651062718497,6,6,6,0,0,False,234.36867222135768,819.150974873345,,
160,312,1224.4903259277344,1225,147.39467427455264,4,4,4,0,0,False,241.44109461237204,651.134917980511,,
161,146,1132.4414672851562,1132,209.4917415024571,6,5,5,0,0,True,258.09825157766335,1014.2877776322375,,
162,476,2428.948455810547,2425,337.76451673261806,10,10,10,0,0,False,249.37715463893662,114.3767375409931,,
163,374,1864.8343353271484,1865,207.86048262576966,6,6,6,0,0,False,249.55056220080544,345.1196167911224,,
164,184,1032.8231506347656,1034,148.82058856992862,3,3,3,0,0,False,244.0120156379205,382.28206294277055,,
165,445,668.2373962402344,669,102.10976357442425,4,4,4,0,0,False,242.89739501530343,844.0151099901005,,
166,103,921.7902526855469,921,126.02515507475692,6,6,6,0,0,False,247.3199433326576,434.37640488092194,,
167,592,3055.022720336914,3054,315.86573418972273,7,7,7,0,0,False,263.1823297328948,967.1523678783726,,
168,488,1689.0478515625,1691,170.9068872485992,3,3,3,0,0,False,250.96599467816625,529.9942913216466,,
169,285,1231.1969757080078,1231,163.6806318661725,6,6,6,0,0,False,251.79278277395005,767.2910853115392,,
170,185,4265.222854614258,4263,340.4790370526016,9,9,9,0,0,False,269.30439997873265,630.7590936283063,,
171,606,2929.361083984375,2928,313.63964429250007,9,9,9,0,0,False,276.3642769229531,505.28303992434195,,
172,59,1619.6786193847656,1619,212.23770428582552,7,7,7,0,0,False,256.18623205486153,202.06871670374179,,
173,446,497.42401123046875,499,95.91095464373225,4,4,4,0,0,False,245.84925058665843,462.85934509574577,,
174,116,2253.150390625,2250,315.3110061512847,8,7,7,1,1,False,274.0880289936455,568.1651415473849,,
175,243,1422.2899932861328,1424,180.87645685798918,4,4,4,0,0,False,256.5971722153489,151.4301253859097,,
176,244,2539.605697631836,2538,221.61938995373978,7,6,6,0,0,True,264.09240798492226,30.709933397859892,,
177,596,2238.427017211914,2240,215.3243480667005,7,7,7,0,0,False,262.94216826601956,260.4726006693041,,
178,190,3645.890914916992,3644,323.87800932146536,8,8,8,0,0,False,292.37857716350965,902.5969737220987,,
179,324,3221.356246948242,3220,322.0935537805601,9,9,9,0,0,False,280.5988105544004,371.30117525906974,,
180,5,662.7312469482422,664,105.74896519382621,5,5,5,0,0,False,264.2521405841316,817.4376079675495,,
181,542,879.78125,881,129.15215198839104,4,4,4,0,0,False,269.03065722208777,297.67188227863335,,
182,503,2111.5946044921875,2114,236.51198400857035,4,4,4,0,0,False,278.5356501099271,90.77339171477855,,
183,88,2761.884078979492,2761,285.57211850025635,9,9,9,0,0,False,301.2267733938969,775.4621204122099,,
184,320,711.0638122558594,710,139.63694425013506,6,6,6,0,0,False,275.8373095911585,312.6194399482546,,
185,499,3464.7173767089844,3464,283.5099818369395,6,6,6,0,0,False,303.965087874694,689.1258381267261,,
186,328,2925.7505645751953,2924,275.37084168908166,8,8,8,0,0,False,286.6007390869866,450.86593124619026,,
187,676,2379.001907348633,2378,195.90278584303377,8,8,8,0,0,False,293.17261789004147,194.9274258908404,,
188,45,1379.60791015625,1380,155.5434456959606,6,6,6,0,0,False,282.0523167848307,146.1896510802829,,
189,577,904.5737762451172,906,120.27190840326952,3,3,3,0,0,False,286.3322305346317,857.8948129594081,,
190,461,1565.7368469238281,1568,180.48389884387268,5,5,5,0,0,False,307.0941636303084,956.6883482068591,,
191,418,658.73046875,661,100.50635673051393,4,4,4,0,0,False,292.3984213392954,321.6725270106912,,
192,360,1243.790298461914,1243,165.19361589309324,6,6,6,0,0,False,305.9625589806218,394.00787931102786,,
193,588,1201.743911743164,1200,173.72296959851747,8,8,8,0,0,False,295.00002799877586,831.4307626440683,,
194,154,2501.012420654297,2501,249.785046889302,7,7,7,0,0,False,323.3644797529469,276.39000281122327,,
195,520,586.67578125,588,96.66298586856668,4,3,3,0,0,True,294.6154145776322,11.26091033284173,,
196,600,2422.5298919677734,2423,219.55034957687423,7,7,7,0,0,False,315.9039462079622,240.30185058033405,,
197,169,1410.9044189453125,1411,196.88852793510182,5,5,5,0,0,False,303.09544366403526,83.96560559001318,,
198,347,1476.177505493164,1477,162.48452132580098,4,4,4,0,0,False,308.74227533513385,427.7931318722934,,
199,74,1635.0752716064453,1633,217.7335444804067,7,7,7,0,0,False,316.46504162643953,38.091449006282055,,
200,286,1851.3876342773438,1852,203.51342517622743,5,5,5,0,0,False,313.7055583647579,994.988462089835,,
201,388,3331.593475341797,3332,287.8981687569761,9,9,9,0,0,False,333.9494454331495,608.2538945728567,,
202,668,1122.0032196044922,1123,149.44921670715604,4,4,4,0,0,False,312.4058102185194,509.55039105297817,,
203,505,887.0887451171875,889,116.95380244639908,5,5,5,0,0,False,310.41769219303376,797.3905980242166,,
204,422,3515.020736694336,3510,463.0708934828086,9,8,8,0,0,True,364.39996260599156,980.791023640726,,
205,196,990.0522155761719,987,181.3886775936379,10,10,10,0,0,False,325.7484848109773,119.314573064091,,
206,536,1323.4713897705078,1324,153.92931708855343,6,6,6,0,0,False,311.3722231805779,547.1897783833638,,
207,31,1719.8164367675781,1721,166.8990747002792,4,4,4,0,0,False,324.2230451323369,71.17073405889577,,
208,470,390.6006622314453,392,87.59764915964946,3,3,3,0,0,False,304.24185865886346,156.82669986710965,,
209,408,1199.8066864013672,1200,157.2021900573279,4,4,4,0,0,False,319.4094847022325,364.7236833692699,,
210,266,2639.1334838867188,2638,226.0311174572144,7,7,7,0,0,False,335.78966897535145,310.45394897388786,,
211,46,1548.0994720458984,1549,181.25849479030546,4,4,4,0,0,False,324.356749692742,641.4275777163564,,
212,484,1069.0258331298828,1070,139.19629885459267,4,4,4,0,0,False,319.14948326314453,832.9347818674717,,
213,594,1034.4294128417969,1034,141.2029400106121,6,6,6,0,0,False,320.7880346345278,156.26314263316783,,
214,160,502.59063720703125,502,103.2214047259929,6,5,5,0,0,True,326.81013965676664,7.526702859575312,,
215,586,2113.8689880371094,2114,196.85300263603085,7,7,7,0,0,False,341.96292549779565,859.1041111880991,,
216,28,1489.9617462158203,1489,172.65542148991358,7,7,7,0,0,False,342.838430525486,477.84034558438907,,
217,427,2398.1809844970703,2398,229.7016061838753,6,6,6,0,0,False,347.3305910124168,571.5534892642885,,
218,602,1157.8634643554688,1158,141.05802895917148,6,6,6,0,0,False,338.001895038452,185.06422852228542,,
219,215,3168.297088623047,3167,318.1028206068204,8,8,8,0,0,False,352.1228097449248,913.3927476789518,,
220,688,1320.1322479248047,1321,152.43503570686516,4,4,4,0,0,False,343.5690604644874,972.5868100070046,,
221,463,4685.718246459961,4684,305.6418941890701,10,10,10,0,0,False,364.554041109643,431.17143238105587,,
222,506,862.5261688232422,863,121.61909971663573,5,5,5,0,0,False,339.8190498695981,722.6215102560718,,
223,167,825.6074829101562,825,115.71923257661534,6,6,6,0,0,False,339.6764252575978,217.77733364909204,,
224,495,434.0683135986328,436,82.97403392590486,4,4,4,0,0,False,335.62653471665124,407.0770858254773,,
225,131,4277.318374633789,4276,402.1995986694973,10,10,10,0,0,False,375.42307121489034,59.10901111461924,,
226,595,853.7975311279297,854,141.73771433429064,5,5,5,0,0,False,344.02921995035734,149.8073841139847,,
227,455,918.8112945556641,919,125.28067590048803,6,6,6,0,0,False,341.4128365884942,814.4791966218708,,
228,402,1619.2720947265625,1621,184.57774190103225,5,5,5,0,0,False,342.2014947083695,522.906989442207,,
229,73,1276.8804779052734,1276,152.71939428387014,6,6,6,0,0,False,348.71341786085264,781.2581259306514,,
230,457,1474.2144012451172,1474,167.79414840716524,4,4,4,0,0,False,356.6953294401495,659.6412983962157,,
231,99,3379.7548217773438,3379,340.76516231877366,9,9,9,0,0,False,375.434747963334,679.9411003616098,,
232,23,1925.0929565429688,1927,208.08351254623153,7,7,7,0,0,False,350.47567478833565,358.27163987682457,,
233,640,1894.1517791748047,1893,254.48039469119047,7,6,6,0,0,True,397.32172206072465,12.16609292768167,,
234,66,2703.281768798828,2703,284.34009050746084,8,8,8,0,0,False,391.7148610139217,724.7876000892995,,
235,571,885.7270965576172,887,117.05460401214224,4,4,4,0,0,False,365.1068141379874,116.84192938075729,,
236,159,663.7850036621094,665,113.18788320740244,5,5,5,0,0,False,357.697920624386,90.88073396583795,,
237,142,1963.8332977294922,1962,249.53093067507007,8,8,8,0,0,False,390.997256541166,135.47216477604053,,
238,175,498.2523193359375,500,91.44983615039627,3,3,3,0,0,False,364.26364962326113,17.048494432097872,,
239,230,520.8443298339844,521,102.29611162566692,4,4,4,0,0,False,362.63646724690244,205.06960756157545,,
240,149,868.5044097900391,869,124.36094615708055,5,5,5,0,0,False,368.9495373237591,263.2446678883848,,
241,227,392.60894775390625,393,77.05232111169403,5,5,5,0,0,False,361.4653332675703,239.66254224536002,,
242,194,623.3706665039062,623,121.7167747900582,6,6,6,0,0,False,362.6376994567508,515.9204742886801,,
243,69,3332.163314819336,3332,383.7391815717459,8,8,8,0,0,False,417.95820963288986,921.7415298894524,,
244,17,1514.8882446289062,1516,175.5376252326452,6,6,6,0,0,False,372.22086101491203,170.5106633594669,,
245,400,1617.5054016113281,1618,177.95064364585016,5,5,5,0,0,False,377.50356975196854,789.3430342294407,,
246,68,2012.7746276855469,2011,223.5910086701599,8,8,8,0,0,False,389.04820990065247,210.84511113662145,,
247,564,2485.9115142822266,2485,260.8147205900947,7,7,7,0,0,False,405.684324941392,748.2159842985249,,
248,122,1184.5165710449219,1184,153.6026747004781,7,7,7,0,0,False,378.92263355038637,834.7524059723128,,
249,257,1254.9786376953125,1256,153.55371040487694,4,4,4,0,0,False,375.2273334083785,366.520476043396,,
250,65,1481.1592407226562,1482,150.28629583305346,6,5,4,1,0,False,379.2444766473565,876.8557705838676,,
251,407,4417.806121826172,4416,387.402279443397,11,11,11,0,0,False,423.0450504512115,524.6351746265775,,
252,514,1326.7640838623047,1326,160.20762024323994,5,5,5,0,0,False,384.51296927353053,482.6374123770692,,
253,530,1054.7392883300781,1053,149.23196642585157,8,8,8,0,0,False,383.0528365690749,303.56586353730813,,
254,291,1173.7153015136719,1175,146.26243689724907,4,4,4,0,0,False,390.02797389352924,517.0633735256674,,
255,303,3076.8792266845703,3075,339.01161034180245,12,12,12,0,0,False,418.0564260694079,251.51936465376073,,
256,534,686.0968933105469,686,112.7469932886679,5,5,5,0,0,False,384.1658233782278,590.2415030734999,,
257,205,924.6238861083984,926,132.58196096741477,5,5,5,0,0,False,388.55763420743864,998.1939406943993,,
258,654,992.4911651611328,992,128.8470237766826,6,6,6,0,0,False,397.1191094187029,615.7787909912032,,
259,43,1603.0098114013672,1604,172.157343306731,4,4,4,0,0,False,410.93237439657685,54.62026508643258,,
260,397,2783.3248596191406,2782,269.0199101296578,7,7,7,0,0,False,401.87982838025556,343.53462785509277,,
261,541,1037.8583679199219,1038,144.4414291633907,6,6,6,0,0,False,401.6859799315719,794.946640475648,,
262,653,3407.0848541259766,3408,340.66974545021594,8,8,8,0,0,False,445.8389023902353,960.7950838700247,,
263,396,2108.0391235351562,2109,219.85671722012611,6,6,6,0,0,False,426.9955876843463,667.5795126337889,,
264,192,207.5690460205078,208,58.080895520372124,4,3,3,0,0,True,395.06248141662,1017.2650639949176,,
265,440,3256.918960571289,3253,286.31813547259077,12,11,10,1,0,False,424.4514056383044,868.4441326763811,,
266,584,942.0687561035156,942,122.94094341114524,5,5,5,0,0,False,407.69146695684384,582.5311825655357,,
267,372,1657.9913940429688,1659,183.62326729145957,7,7,7,0,0,False,419.82514287462817,160.39004581561667,,
268,391,938.5653381347656,941,119.35598876103481,3,3,3,0,0,False,412.8316083882637,108.04540040643559,,
269,466,721.0142974853516,723,118.30006362077705,3,3,3,0,0,False,414.31037670150596,691.1632152586827,,
270,384,331.1499481201172,332,71.66611011199225,4,4,4,0,0,False,403.10126536835435,830.9518820450595,,
271,63,2848.2556762695312,2848,317.69860925994914,7,7,7,0,0,False,418.9680490220978,400.585887624145,,
272,145,1231.05908203125,1232,136.85584043675138,4,4,4,0,0,False,414.6703804667017,280.0180427970198,,
273,635,2795.234100341797,2794,275.65239160247233,5,4,4,0,0,True,440.7123402133775,999.0366872972595,,
274,587,1027.8726348876953,1027,138.72621765631988,7,7,7,0,0,False,414.07704214752454,468.774917383714,,
275,625,1033.0055389404297,1032,136.17644385734388,5,5,5,0,0,False,423.03093250305034,630.3578752224296,,
276,342,569.2578125,570,97.87237231741247,4,4,4,0,0,False,416.08360008484584,815.5296527610993,,
277,111,2287.554458618164,2289,195.2705444071296,5,5,5,0,0,False,438.6818153284386,559.0533170191314,,
278,210,376.8372344970703,378,92.69126650499621,4,3,3,0,0,True,422.4204275712038,1018.3161980750905,,
279,394,929.4040679931641,931,124.97865306329228,4,4,4,0,0,False,426.95380329769625,185.7118797689279,,
280,498,1128.6682891845703,1129,146.40694411562345,6,6,6,0,0,False,436.73440622462107,602.8294027382155,,
281,662,921.5118713378906,922,119.02525857381988,4,4,4,0,0,False,429.1066518834425,218.2677558671244,,
282,108,726.875732421875,727,104.74323023171084,4,4,4,0,0,False,432.63978943647925,439.20917307202456,,
283,383,1991.9613189697266,1991,213.46979338042237,7,7,7,0,0,False,434.59438223128336,802.1457440429639,,
284,245,976.0106964111328,975,169.44099184929382,8,8,8,0,0,False,434.81724368565375,102.5048363253205,,
285,209,1263.9831085205078,1265,166.7123850726233,6,6,6,0,0,False,438.0998246558408,307.4505541977149,,
286,221,4340.360977172852,4337,352.7798159755653,9,9,9,0,0,False,477.35783093016613,391.4744270048608,,
287,19,1753.9544067382812,1754,191.95173860453815,6,6,6,0,0,False,449.90873332889373,54.15787778453714,,
288,220,700.9259643554688,701,128.6507798308745,5,5,5,0,0,False,434.72229632594394,354.29386916568865,,
289,270,1240.4202880859375,1241,137.24955475716186,5,5,5,0,0,False,444.4816163521118,475.86723266246565,,
290,646,1503.4915008544922,1504,148.72914560474413,5,4,4,0,0,True,455.5090967495307,17.78418534478979,,
291,629,1102.711196899414,1103,131.93284620324582,7,7,7,0,0,False,454.6866610587563,756.3800471036226,,
292,35,840.7853851318359,840,139.0944961319443,8,8,8,0,0,False,450.14487812949426,199.89496275750952,,
293,261,778.49609375,780,120.36682655402993,5,5,5,0,0,False,451.83991139404424,149.9301070551036,,
294,368,4277.794204711914,4274,377.98968715946984,10,10,10,0,0,False,479.93801662501045,673.535562623021,,
295,622,3943.7950439453125,3941,317.8569688666375,9,9,9,0,0,False,474.4850009018746,129.5939187452718,,
296,496,1672.8333892822266,1674,182.45397313441788,5,5,5,0,0,False,462.4886509687449,638.0447040795343,,
297,20,595.7830657958984,597,108.8937915407312,5,5,5,0,0,False,454.57066868939353,289.49803292305154,,
298,599,832.7735443115234,832,119.06480867542795,7,7,7,0,0,False,458.1121412858341,330.2253307315778,,
299,70,1085.6793365478516,1084,155.77061143882423,8,8,8,0,0,False,463.91070377076096,824.7430980592287,,
300,179,797.5079498291016,798,119.48238056625263,4,4,4,0,0,False,463.8541535602778,922.3253824508644,,
301,343,2109.776885986328,2111,197.01018032705633,5,5,5,0,0,False,469.7327895384052,434.745580347743,,
302,77,1311.4304809570312,1311,232.6042588023957,6,5,5,0,0,True,478.9895330232556,997.3862682289268,,
303,188,568.2903900146484,569,116.86889201279749,6,6,6,0,0,False,456.1129111710919,789.3230919851446,,
304,114,331.8620147705078,334,70.56854982695653,4,4,4,0,0,False,458.7381944138674,233.90036638429052,,
305,92,1658.5667266845703,1658,193.39329956801785,6,6,6,0,0,False,476.8480100880129,601.7960937914287,,
306,56,2421.123779296875,2423,232.75796399325816,5,5,5,0,0,False,494.2169070048755,875.3941339990503,,
307,163,2123.5611724853516,2122,217.23688087924532,6,6,6,0,0,False,483.9328449350516,562.2639590946228,,
308,152,804.1456146240234,804,128.3161210495756,4,4,4,0,0,False,467.83650767966634,181.04802223330557,,
309,182,203.00222778320312,205,57.48960085355236,3,3,3,0,0,False,461.0007387090561,805.0415115239385,,
310,695,936.518798828125,938,122.42898750674803,4,4,4,0,0,False,476.0850789319189,356.339158627508,,
311,483,2516.0228729248047,2515,225.30522024854446,7,7,7,0,0,False,488.5287712003534,476.24505282280955,,
312,304,2694.921585083008,2693,291.7660900870429,8,8,8,0,0,False,506.6533193558213,847.4148049371746,,
313,502,2294.9529876708984,2293,213.018057511743,6,6,6,0,0,False,487.6672822312726,271.75777365077533,,
314,260,1153.533447265625,1153,138.22916054140194,6,6,6,0,0,False,479.9322648683308,208.50298128750424,,
315,339,1148.2265625,1149,150.38039081646207,4,4,4,0,0,False,483.3153470786124,718.5172117094672,,
316,8,541.1201171875,542,91.31755444464987,4,4,4,0,0,False,475.62368555734133,787.6473785144602,,
317,326,1255.5989379882812,1256,163.5655091092739,6,6,6,0,0,False,486.23884152990985,236.9276545466887,,
318,2,428.95420837402344,429,83.90923649524152,5,5,5,0,0,False,480.5405471202518,308.01059608533194,,
319,272,3512.964584350586,3513,271.9136965862872,5,4,4,0,0,True,517.5139060590474,29.07961703669425,,
320,349,1756.9438171386719,1758,191.5160177935056,6,6,6,0,0,False,489.32877416240365,57.74695631410087,,
321,204,1885.9920806884766,1884,224.55143513567853,6,6,6,0,0,False,509.0973975423167,906.9293749492388,,
322,529,798.4993743896484,799,113.49717127056377,4,4,4,0,0,False,485.0293896987632,330.13861796313506,,
323,301,2561.416061401367,2561,237.54151267256702,7,7,7,0,0,False,503.8649178004096,771.6357571283307,,
324,442,420.00843811035156,421,95.08182437243242,4,4,4,0,0,False,483.47328310186776,920.0083048493567,,
325,533,1003.8712615966797,1006,148.5460599676236,5,5,5,0,0,False,497.99162723058066,732.7426998581204,,
326,16,2711.9478454589844,2712,228.30232399326488,6,6,6,0,0,False,508.0663709677381,528.4128739580501,,
327,371,2281.9249572753906,2282,206.36440986914812,5,5,5,0,0,False,505.8605934939596,106.31314215167153,,
328,121,1873.4028015136719,1874,181.38196631973497,6,6,6,0,0,False,507.45432301482066,960.4881084438024,,
329,487,708.8494415283203,709,146.331569153395,6,6,6,0,0,False,503.13748949097993,930.0315639575357,,
330,497,2623.613784790039,2623,298.50978194864007,6,6,6,0,0,False,540.8875724386887,786.0657167151452,,
331,665,5244.833236694336,5242,459.28470359860415,11,11,10,0,0,False,552.4569087356118,693.8382347734765,,
332,311,4351.136444091797,4349,291.1353974859438,11,11,11,0,0,False,521.451818834203,327.94665609044057,,
333,431,2339.425003051758,2338,251.15640721738666,10,10,10,0,0,False,534.8822910104366,210.1364647201938,,
334,275,1800.4652404785156,1801,183.07183777470715,4,4,4,0,0,False,519.5326407631397,165.81859405991702,,
335,87,1355.5596160888672,1354,166.52616440033816,7,7,7,0,0,False,520.5988357653227,594.626373255463,,
336,425,893.4024810791016,894,150.2178098871446,5,4,4,0,0,True,529.3033833221481,1015.8187432614603,,
337,547,1169.766342163086,1172,151.39237101984537,4,4,4,0,0,False,519.7698528513126,440.39217019743586,,
338,680,542.0253448486328,543,91.24356011850806,4,4,4,0,0,False,517.9225462832969,993.7782329214502,,
339,681,1681.695541381836,1682,185.67369573470756,6,6,6,0,0,False,528.8052049197931,247.9333593755886,,
340,217,1491.5904388427734,1492,159.88071007425327,5,5,5,0,0,False,531.8857448784275,826.7657182634719,,
341,678,2889.1141662597656,2887,302.28928511460776,10,10,9,0,0,False,566.6938546352073,746.4305834449983,,
342,479,2856.5181884765625,2856,239.54905654975136,7,7,7,0,0,False,541.8356232148576,408.34226083364086,,
343,666,1682.5138854980469,1682,178.37710701538094,7,7,7,0,0,False,532.4776798193985,481.21495012033284,,
344,97,3517.1810455322266,3515,301.69072097007756,9,9,9,0,0,False,548.317784462691,90.47216470224565,,
345,132,2484.613082885742,2483,267.45202403410565,5,4,4,0,0,True,566.082126185966,20.586429708955144,,
346,438,783.1679534912109,785,113.33928310421894,6,6,6,0,0,False,535.3644415303237,558.1485163880067,,
347,314,2184.0807189941406,2182,203.52060251181848,8,8,8,0,0,False,561.9637532892302,895.7153499469895,,
348,468,1609.6207427978516,1610,168.33147402415398,3,3,3,0,0,False,544.5980476967319,665.0286640636791,,
349,109,2755.789337158203,2756,257.4494637155416,8,8,8,0,0,False,562.5507409654919,938.6067477529722,,
350,140,1271.0375671386719,1270,146.05512162590065,6,6,6,0,0,False,544.2039543949393,987.6539336905765,,
351,50,1645.7524871826172,1645,258.94627655184195,7,7,7,0,0,False,574.2054945980045,579.8114036204265,,
352,545,1127.1440124511719,1129,137.5876108185801,2,2,2,0,0,False,558.3060072502831,723.7127510542043,,
353,36,1374.1074829101562,1374,163.91931708942548,6,6,6,0,0,False,546.5286842818575,155.79005594541684,,
354,679,840.1152038574219,841,139.51799059244206,6,6,6,0,0,False,548.5250475729541,285.1695591839303,,
355,556,1184.3307037353516,1184,160.56770694697957,5,5,5,0,0,False,553.1636341999343,523.3992471286816,,
356,216,1157.8087768554688,1159,135.05784039872572,7,7,7,0,0,False,553.2463806655095,630.7694282581966,,
357,364,1299.1441955566406,1300,176.85794795368804,5,5,5,0,0,False,575.7562214964939,789.5968960512167,,
358,632,1203.8121948242188,1206,159.97233648805098,4,4,4,0,0,False,556.7029805132129,314.80277462307674,,
359,25,2616.477798461914,2615,293.2694224130034,7,7,7,0,0,False,586.7441336314467,552.4970410800692,,
360,616,1573.9247589111328,1574,167.7028626080014,7,7,7,0,0,False,575.8555850083582,608.3960722034612,,
361,663,784.562255859375,783,153.20215637398792,6,6,6,0,0,False,562.3723748695095,256.04175806951173,,
362,181,413.99609375,414,87.07062019355132,4,4,4,0,0,False,558.1319467951228,369.4118204074199,,
363,208,1093.0453033447266,1095,138.31149198536573,6,6,6,0,0,False,572.4019132594904,502.2026971542892,,
364,72,428.9342041015625,429,81.52231394783931,5,5,5,0,0,False,557.3795452770103,855.4135539516834,,
365,252,1619.5856475830078,1619,159.2862061573099,5,5,5,0,0,False,568.6903683294745,467.3959655618058,,
366,618,937.3955688476562,937,148.69034432834783,6,6,6,0,0,False,578.1781145798668,821.2383699284471,,
367,456,614.5049438476562,616,149.24402561418404,4,4,4,0,0,False,580.5907928289822,803.0253215353176,,
368,379,1217.22265625,1217,184.67228214705915,7,7,7,0,0,False,571.3267879377681,337.5986847658377,,
369,650,459.5463409423828,462,94.56839368564057,3,3,3,0,0,False,572.8643052520292,275.0498543323949,,
370,482,2059.2696990966797,2060,186.48955319662292,5,5,5,0,0,False,578.4793894239705,180.20593221807374,,
371,211,1747.2887573242188,1746,166.65323109971482,7,6,6,0,0,True,580.6259989025201,1004.8466719048474,,
372,661,2821.538360595703,2822,265.51236441613645,7,7,7,0,0,False,616.6872230044935,845.0683747462476,,
373,486,1198.7235260009766,1199,141.65085541678235,5,5,5,0,0,False,582.2858455779699,966.4206310862837,,
374,162,2594.6312103271484,2596,250.0940566493269,6,6,6,0,0,False,595.9456270427256,145.39931661157698,,
375,439,1171.4788665771484,1173,152.9037255103517,5,5,5,0,0,False,584.7178710926192,217.79099995286776,,
376,605,981.4690704345703,982,162.0227814337792,7,7,7,0,0,False,570.2028682996144,407.8498041015959,,
377,398,1152.6571807861328,1153,141.26325389434038,6,6,6,0,0,False,579.2951900251882,664.3161903471172,,
378,367,1978.3094635009766,1978,234.4301639907145,6,6,6,0,0,False,596.8251808940001,69.12991808647483,,
379,248,591.8441009521484,594,108.37190192013189,3,3,3,0,0,False,582.4496656177151,585.4832009040917,,
380,551,808.5906982421875,808,126.63798628769624,5,5,5,0,0,False,581.7872182310468,247.98264682821505,,
381,317,947.7247619628906,948,135.37346662937094,5,5,5,0,0,False,590.1864305811162,868.7679705791613,,
382,40,3514.675567626953,3513,317.73776008156403,8,8,8,0,0,False,604.2787866850044,443.60178217044,,
383,206,1444.8825225830078,1441,170.13228866465013,10,10,10,0,0,False,598.2351958269261,284.8677833605696,,
384,283,468.50384521484375,468,93.9224038678959,5,5,5,0,0,False,590.8206058534183,640.5085049661519,,
385,419,2047.3635711669922,2048,230.03593722486423,5,5,5,0,0,False,604.3381018314489,103.26228655509207,,
386,673,1336.7818908691406,1338,147.10155059510834,6,6,6,0,0,False,595.230572952188,354.3612781288016,,
387,623,850.9719696044922,851,116.87109754484753,4,4,4,0,0,False,593.1442212584217,390.5608503920236,,
388,353,660.7097625732422,660,119.15240688148126,5,5,5,0,0,False,605.7764384829134,683.1805071168596,,
389,386,1455.0685272216797,1455,175.87024415774042,6,6,6,0,0,False,614.4192939880533,946.0819372476202,,
390,282,349.1733856201172,350,72.40826058082435,4,4,4,0,0,False,592.3460731581665,42.706112207023416,,
391,437,1201.0308990478516,1199,189.64026598109984,6,6,6,0,0,False,612.8000327128211,331.2133171643601,,
392,290,590.5165557861328,593,100.0038963211664,4,4,4,0,0,False,605.6489627246677,888.6070021694147,,
393,287,3513.381546020508,3512,325.5546740211257,9,9,9,0,0,False,645.2476961354298,896.7726393014076,,
394,652,960.3520050048828,960,130.02064574118486,5,5,5,0,0,False,610.0965328302156,985.384874503449,,
395,86,1540.2737731933594,1540,179.7583557509662,6,6,6,0,0,False,619.0981711740569,633.0933061645508,,
396,127,3359.056396484375,3358,285.9736663132896,7,7,7,0,0,False,620.2725958729341,510.6740266327569,,
397,443,808.0259552001953,809,112.04507331817962,5,5,5,0,0,False,608.9772858609123,242.16027617745496,,
398,180,2660.72216796875,2662,231.55280734886128,8,8,8,0,0,False,622.7238150917015,804.5016194691835,,
399,90,2071.5872955322266,2072,191.66553012073848,7,6,6,0,0,True,620.9444219395824,20.8958465681143,,
400,319,1528.313705444336,1529,172.06384383376843,8,8,8,0,0,False,629.8413644783022,659.8778187007994,,
401,355,978.4393310546875,979,131.0220280359967,6,6,6,0,0,False,619.1947176218175,604.895378165608,,
402,71,1301.0686340332031,1303,172.34651533094984,4,4,4,0,0,False,620.439116366245,303.27879759668144,,
403,117,2435.723663330078,2435,211.2467392160386,7,7,7,0,0,False,626.581060550622,200.56459523382247,,
404,683,1167.9065246582031,1170,131.0038123121195,4,4,4,0,0,False,623.7130132657071,379.4231029353109,,
405,96,1817.6460266113281,1816,246.1106292346907,7,6,6,0,0,True,664.5005551856193,1007.2400136553026,,
406,655,983.7498321533203,985,121.91822839103784,4,4,4,0,0,False,629.8032963813588,1005.5600017476091,,
407,332,2407.921920776367,2407,263.88234845453866,7,7,7,0,0,False,639.5938735748977,137.4800881249465,,
408,18,2461.512725830078,2463,248.5250477560324,6,6,6,0,0,False,641.7522189092807,443.4964745445793,,
409,148,1396.7678527832031,1397,208.1058884414782,5,5,5,0,0,False,646.2311968386023,866.8402938677134,,
410,236,3312.3768310546875,3311,248.48291060849954,8,8,8,0,0,False,649.1789324475307,249.43814309281956,,
411,511,1323.9918975830078,1324,149.37975731586778,6,6,6,0,0,False,635.586834787736,710.9735705503894,,
412,156,1445.1117706298828,1443,160.7952731046434,8,8,8,0,0,False,638.7802340278776,746.6942380593499,,
413,21,3643.9784240722656,3642,326.2813601142117,9,9,9,0,0,False,651.0041306478932,366.64281230252385,,
414,415,3932.9041290283203,3927,384.90587583987883,13,13,13,0,0,False,680.4307336639238,574.3366692648499,,
415,657,1405.5401153564453,1405,163.98505116253068,7,7,7,0,0,False,642.9337358181007,966.1203900757819,,
416,268,1289.5880889892578,1291,187.21745121198217,5,5,5,0,0,False,643.2993373622895,96.07557774267538,,
417,517,1155.9335479736328,1157,163.6117654896868,6,6,6,0,0,False,648.6873033917317,300.5032277570032,,
418,395,246.51171875,247,62.651199048140114,4,4,4,0,0,False,638.6147898691244,681.6713430384806,,
419,195,1816.8972778320312,1819,207.6973693619006,5,5,5,0,0,False,651.6179900135381,550.5547833939971,,
420,593,2810.360305786133,2808,275.3624136943298,8,8,8,0,0,False,668.2967509997748,79.4800073813135,,
421,325,1179.0364532470703,1179,136.73234172842632,5,5,5,0,0,False,653.9870695963511,777.1271947106678,,
422,404,1391.9256744384766,1393,151.12097003897503,4,4,4,0,0,False,663.6671363807582,39.63379924958977,,
423,15,495.7100067138672,497,96.16281209449659,4,4,4,0,0,False,649.1213696060782,609.9884888548271,,
424,370,1396.8079986572266,1398,154.95916592530287,6,6,6,0,0,False,661.2217052552022,924.0046483823801,,
425,591,1043.8970031738281,1044,133.8535720458721,4,4,4,0,0,False,663.0187383795713,515.3250899900366,,
426,267,1511.0347290039062,1511,172.56514146130718,7,7,7,0,0,False,675.8655045191972,633.3209454843726,,
427,81,994.2750396728516,994,162.02696942055746,7,7,7,0,0,False,660.0942329448253,697.5027106350364,,
428,313,1443.7158660888672,1443,148.43507209944642,6,6,6,0,0,False,669.2190946658128,812.9702589500642,,
429,578,745.9336700439453,746,109.77436084032739,4,3,3,0,0,True,664.9185606271583,10.566165769312086,,
430,524,477.6517028808594,478,95.40600569040623,4,4,4,0,0,False,662.9663366048279,660.5435253618905,,
431,624,932.8072662353516,933,122.10468244561542,5,5,5,0,0,False,665.8641691927141,198.73433462002077,,
432,165,1847.1936950683594,1847,180.44793098799772,5,5,5,0,0,False,680.5112851504358,433.98468379372804,,
433,637,761.3439636230469,763,108.80509143680797,3,3,3,0,0,False,673.6302340608597,974.5904963962201,,
434,228,858.6598205566406,859,124.03903344859881,6,6,6,0,0,False,671.1506422874191,477.8758787668918,,
435,513,1474.3297729492188,1474,158.42658357515086,5,5,5,0,0,False,680.2704726953475,169.8535903790674,,
436,631,1340.9716033935547,1343,167.54823530145939,5,5,5,0,0,False,689.1981517286725,760.3994036961504,,
437,177,1679.9758758544922,1680,182.6227238056774,6,6,6,0,0,False,689.3121828486394,306.25217714820013,,
438,4,1727.9176788330078,1729,186.20804860312091,5,5,5,0,0,False,687.4924888737856,706.5154923664711,,
439,79,1763.3869171142578,1763,211.55353728789603,7,7,7,0,0,False,692.7610805590705,273.54777743398546,,
440,648,1389.1426544189453,1389,148.35980482822697,7,7,7,0,0,False,685.3313994265832,134.42918169493717,,
441,434,1548.8980712890625,1550,177.649686935589,6,6,6,0,0,False,685.3284594158631,387.4490730843122,,
442,147,3465.487060546875,3466,315.04802046901113,9,9,9,0,0,False,704.8501734416158,967.6881604621539,,
443,557,2176.3937225341797,2177,239.2714190466369,6,6,6,0,0,False,712.8715111096783,743.8420452127696,,
444,553,2717.427505493164,2714,325.4786767886853,10,10,10,0,0,False,724.2311872788621,855.0711547366546,,
445,387,1576.7483520507812,1575,261.7787006203163,8,8,8,0,0,False,694.1403646915486,668.8965708770454,,
446,150,946.1078338623047,946,135.386612654526,5,5,5,0,0,False,688.0564673883998,350.91483579186405,,
447,590,1313.8830108642578,1314,157.51815104282844,5,5,5,0,0,False,693.2811906723712,788.9166936880606,,
448,526,1501.0951232910156,1500,171.66957580234782,7,7,7,0,0,False,696.7482899270207,207.78009871619312,,
449,110,706.9929351806641,707,116.8908401957198,3,3,3,0,0,False,690.5090466780422,927.0230469444608,,
450,582,1350.3727264404297,1350,147.6459659686958,7,7,7,0,0,False,693.9372703061728,519.9458516834541,,
451,469,1317.8128509521484,1318,192.4905762549938,7,6,6,0,0,True,696.1336924691013,33.52843184165873,,
452,80,339.52061462402344,340,72.62712925044615,4,4,4,0,0,False,690.3403846120751,100.9005906697717,,
453,465,1008.3668518066406,1008,136.21612973312762,6,6,6,0,0,False,695.1303929701687,473.57619646934455,,
454,378,1744.4422302246094,1744,189.98859933174407,7,7,7,0,0,False,713.298403266186,907.8229505518364,,
455,527,827.6606597900391,830,122.08017504839611,3,3,3,0,0,False,702.549074205354,583.6565418718287,,
456,669,2254.3533782958984,2254,202.62534555319996,6,6,6,0,0,False,721.026575221427,611.2075859047844,,
457,491,1314.5438690185547,1316,141.7055608370307,4,4,4,0,0,False,711.9379790575653,236.87071684658025,,
458,603,1533.211654663086,1534,164.5470911848377,4,3,3,0,0,True,719.0956003303367,15.870551569390942,,
459,682,2193.1358947753906,2193,197.76507621916616,7,7,7,0,0,False,721.2654066220051,129.39125995206413,,
460,240,1774.4207916259766,1773,216.7753540692937,7,7,7,0,0,False,719.6286399607703,326.4891594946221,,
461,232,1530.9043731689453,1531,160.28084804387146,5,5,5,0,0,False,719.769401952922,824.8488072411492,,
462,643,1382.0610961914062,1384,154.58500777345293,4,4,4,0,0,False,721.3970052412194,875.5735844865147,,
463,656,848.4140625,847,131.51176769000668,6,5,5,0,0,True,718.8753811846351,1011.413183674383,,
464,199,1774.8797302246094,1774,194.68296462169394,6,6,6,0,0,False,719.8337396211401,81.79111190980419,,
465,567,995.8919219970703,996,122.11620593741068,5,5,5,0,0,False,716.958905829049,497.5784295592826,,
466,207,1534.7643737792969,1534,167.59401502766306,7,7,7,0,0,False,724.9795494202197,381.0534860928849,,
467,494,1834.8810272216797,1834,186.64909769717724,7,7,7,0,0,False,722.6322633993824,420.51645993231057,,
468,689,1285.6805267333984,1287,139.18903725378414,5,5,5,0,0,False,722.1982165636707,171.73584050063224,,
469,225,3391.584014892578,3390,335.944714487681,8,8,8,0,0,False,753.2719619244886,634.6743388475342,,
470,409,1872.5980224609375,1873,209.36857260361384,6,6,6,0,0,False,736.2868258013325,253.65376211352614,,
471,597,1360.7928161621094,1362,147.68699211072698,7,7,7,0,0,False,725.4485036702623,464.3334737545963,,
472,55,1747.1811065673828,1746,207.47911414337403,6,6,6,0,0,False,732.9101830582681,716.4962534310531,,
473,263,1985.9405822753906,1985,265.652941534885,8,8,8,0,0,False,749.9254888243553,803.4490541774624,,
474,658,1008.2827453613281,1009,132.0477648910627,6,6,6,0,0,False,728.7524704587405,529.2995959212749,,
475,420,2835.3070220947266,2834,267.8778153279468,9,9,9,0,0,False,749.57666759688,196.0679038229941,,
476,143,3878.615264892578,3875,389.1620714574269,11,10,10,0,0,True,777.4680617705201,974.299097768927,,
477,406,1210.6092987060547,1212,136.79768358229418,4,4,4,0,0,False,736.9354383498618,345.46931811655793,,
478,548,1570.4959564208984,1572,183.04388992396804,6,5,4,1,0,False,742.8498648918638,682.5357771476612,,
479,253,2308.495330810547,2309,225.01023640691392,6,6,6,0,0,False,745.6758101286831,52.3117298921364,,
480,168,272.0859375,274,63.930588787593244,5,5,5,0,0,False,733.0538975462644,295.13643928082615,,
481,75,2121.3939819335938,2121,203.25156543483052,6,6,6,0,0,False,755.2445831969711,769.443176271076,,
482,467,1075.5794830322266,1075,128.67388269630968,6,6,6,0,0,False,744.8365300869093,580.294162780952,,
483,417,490.8984375,492,100.42263640798292,3,2,2,0,0,True,746.0052511092626,1015.6881761207843,,
484,448,1435.6671142578125,1437,153.2254946102205,4,4,4,0,0,False,756.0540184673266,444.4837612845715,,
485,33,2329.8980712890625,2328,215.58394574528688,8,8,8,0,0,False,766.2498126526065,268.6622611399508,,
486,183,865.208984375,865,135.0413075633585,6,6,6,0,0,False,753.9983425038724,508.0517926363289,,
487,52,377.952880859375,381,74.77338775211102,3,3,3,0,0,False,747.9478454781782,547.4112663476498,,
488,322,1267.6671295166016,1267,153.55998316209204,6,6,6,0,0,False,754.2515820784557,902.0124936430126,,
489,411,1021.0308532714844,1023,132.06977896082572,5,5,5,0,0,False,757.0896671462878,977.8899745299797,,
490,51,1267.084228515625,1267,151.6824039600461,6,6,6,0,0,False,755.4684875712481,106.8306770468811,,
491,543,551.2815399169922,552,92.45409406226725,4,4,4,0,0,False,755.5330879961917,488.0359719777438,,
492,95,4607.590286254883,4602,443.9823125896598,14,14,14,0,0,False,793.2804581668166,561.650187640639,,
493,289,1214.2392272949219,1214,133.67964361786522,7,7,7,0,0,False,762.9135821911455,407.6487351985979,,
494,615,1241.4691314697266,1241,143.3087667595368,6,6,6,0,0,False,763.0428478635896,320.1076271862273,,
495,352,733.6498718261719,732,110.8251403084732,5,4,4,0,0,True,761.3854719218434,11.356246490292015,,
496,128,3468.2063598632812,3465,303.54448232841435,10,10,10,0,0,False,793.1224880510409,459.67263329264574,,
497,144,3279.1891021728516,3274,295.96925597272985,11,10,9,1,0,False,775.5444636669905,692.5569210669096,,
498,639,800.5673065185547,803,116.03762019998183,5,5,5,0,0,False,763.5173727816037,844.8057952715773,,
499,345,1460.3462371826172,1461,168.37538876415422,8,8,8,0,0,False,765.7611264662457,364.0894663435404,,
500,702,1170.3388977050781,1169,170.74852715395804,6,5,5,0,0,True,773.0678888363055,1007.2190550589413,,
501,151,1646.6521453857422,1647,165.80940242050985,5,5,5,0,0,False,775.8066853827819,928.8530257640516,,
502,294,1062.5907440185547,1063,132.04807760359478,6,6,6,0,0,False,767.172112842386,153.19546594384468,,
503,375,1187.0288543701172,1189,159.51994758759383,3,3,3,0,0,False,775.5925607561115,583.8499255353489,,
504,124,2475.6189727783203,2476,234.61879824367986,8,8,8,0,0,False,783.8794928189888,59.621316882316144,,
505,47,560.2016906738281,562,96.36036612741012,4,4,4,0,0,False,775.1880771134395,228.37827399835183,,
506,224,914.9817810058594,914,125.69051899365158,5,5,5,0,0,False,779.7654643342506,107.1948564154588,,
507,489,1774.5381317138672,1773,186.5147296774673,5,5,5,0,0,False,791.53896560215,185.00243958803532,,
508,659,1804.6587219238281,1804,181.20891596234208,5,5,5,0,0,False,794.1077591955517,819.9396411860786,,
509,687,3219.411361694336,3220,282.4256157120169,9,9,9,0,0,False,824.1352189384563,154.71716981113408,,
510,651,1055.9853210449219,1056,131.48856793900694,5,5,5,0,0,False,793.3256456606471,501.2556346932972,,
511,521,2718.749740600586,2718,281.46589607989114,10,10,10,0,0,False,816.496833626478,788.2314272256209,,
512,344,1219.6034393310547,1220,137.12370656903173,5,5,5,0,0,False,791.3139436643777,300.0834585413108,,
513,94,571.5344696044922,573,105.78065176702663,3,3,3,0,0,False,787.1072342597071,389.9162458820371,,
514,698,5334.628372192383,5331,492.9956276879544,13,13,13,0,0,False,859.3586878412366,876.2099841928851,,
515,284,216.23193359375,219,57.48455796596588,3,3,3,0,0,False,780.5254037053961,980.900452608535,,
516,212,2056.163543701172,2056,218.96563814221557,8,7,6,0,0,True,812.9537428409063,18.570064973878456,,
517,276,976.4373931884766,976,123.60944557001523,6,6,6,0,0,False,792.2415003551263,890.7585744437222,,
518,218,559.7627716064453,559,92.85053823105335,6,6,6,0,0,False,793.0625992931982,330.96934989690163,,
519,544,847.154296875,849,128.02799784210734,3,3,3,0,0,False,801.0467051873468,355.3134268839827,,
520,500,1038.3394927978516,1038,135.888700122629,6,6,6,0,0,False,799.4713065201827,741.0908653967888,,
521,423,4417.187347412109,4414,375.9392892120163,10,10,10,0,0,False,825.7216416256067,373.0762253875355,,
522,366,1377.7144317626953,1377,181.49012689928054,6,6,6,0,0,False,808.6024760859261,236.77180765917555,,
523,334,4094.781784057617,4092,419.11029951487103,11,11,11,0,0,False,842.2924985296827,264.51105825573376,,
524,197,2650.8502655029297,2653,211.3700361732337,7,7,7,0,0,False,812.4728972711237,646.1776490713147,,
525,560,1096.1458282470703,1098,149.10001132196186,4,4,4,0,0,False,814.3875927230853,117.54041163865567,,
526,522,951.1869354248047,952,128.4655245769867,4,4,4,0,0,False,809.9844376255279,56.62304565142324,,
527,519,1235.0643920898438,1237,146.8655606666532,4,4,4,0,0,False,821.1827987954108,721.2064846913885,,
528,693,2691.6600646972656,2691,250.18256544722465,7,7,7,0,0,False,837.1101236920075,940.3236870447203,,
529,475,927.5485992431641,929,138.11024733465086,4,4,4,0,0,False,821.3867251294084,764.4778449382648,,
530,340,980.2568359375,981,145.10568270903357,5,5,5,0,0,False,817.419474574908,967.3233777333644,,
531,11,267.10435485839844,269,66.04052438904513,3,3,3,0,0,False,805.5004343967458,684.4867757472824,,
532,433,1221.377700805664,1222,145.617705807146,5,5,5,0,0,False,825.8368343611054,317.42716160347544,,
533,509,1050.3825225830078,1051,143.89739174115974,4,4,4,0,0,False,820.2889705845221,420.7474392179216,,
534,563,1682.1205749511719,1684,164.54694269774976,4,4,4,0,0,False,823.6943747444824,891.6582566411618,,
535,118,1223.1163024902344,1223,169.73304137491357,6,6,6,0,0,False,822.6901709592518,513.9636758681153,,
536,129,2971.115005493164,2971,286.94881604105757,7,7,7,0,0,False,844.1801165580965,540.8263994404263,,
537,22,2000.2943725585938,2001,181.40923125854172,5,5,5,0,0,False,824.0350704393128,198.29430791319027,,
538,32,2427.8240966796875,2426,261.21687584468117,8,8,8,0,0,False,842.8465023340742,118.59446960172927,,
539,101,2463.3565826416016,2461,234.56710306661245,7,7,7,0,0,False,846.4222698665837,698.4630769028192,,
540,537,907.4857940673828,909,152.2031030343451,4,4,4,0,0,False,826.4424598069515,828.0748145048933,,
541,348,741.1921691894531,740,110.06761213112375,5,5,5,0,0,False,832.9805482114223,481.5682544293742,,
542,706,373.0516815185547,374,94.29911374130705,3,2,2,0,0,True,838.3022444185868,1017.6657130581093,,
543,576,1727.3412017822266,1727,184.7823223828389,5,5,5,0,0,False,841.9529587724091,66.284183981669,,
544,649,2397.3807983398438,2394,256.61638684691206,11,11,11,0,0,False,870.5901001988544,732.9869146354491,,
545,430,1884.5383911132812,1883,203.51074269350582,5,4,4,1,1,False,859.022060502346,910.0115984872796,,
546,424,2893.271286010742,2889,343.3105765370456,10,9,8,0,0,True,872.7070306219885,56.809084045352506,,
547,302,2572.4559020996094,2571,260.5568829387411,8,8,8,0,0,False,866.6413187773578,627.6508412109217,,
548,9,1367.1403198242188,1368,182.22864770589837,4,4,4,0,0,False,857.5358448389422,973.7977400128481,,
549,247,2269.053985595703,2269,194.46972400216274,6,6,6,0,0,False,854.8784588589517,445.4552675867581,,
550,478,1277.4911804199219,1277,140.90075392279874,5,5,5,0,0,False,854.0767411980023,663.7428817892759,,
551,633,3038.4078674316406,3036,279.95854216622473,8,7,7,0,0,True,875.6243408967789,998.372908783757,,
552,255,1125.9454803466797,1127,151.2576175731691,4,4,4,0,0,False,852.4849364812368,567.201273945759,,
553,636,921.0760192871094,922,126.90292546898065,4,4,4,0,0,False,848.881453510879,833.1843828966336,,
554,105,2915.9364624023438,2915,266.9455803187934,7,7,7,0,0,False,870.6002235532524,387.06066540207286,,
555,614,1438.3712310791016,1439,194.90503118362153,5,5,5,0,0,False,868.9821387693822,289.86231900304995,,
556,634,3125.867919921875,3125,287.1071692538822,9,9,9,0,0,False,884.3143388841341,323.77458620882027,,
557,330,397.2667694091797,399,89.32925840717878,2,2,2,0,0,False,848.8267646310111,29.332261878655498,,
558,413,1112.0972442626953,1112,148.42689382520373,5,5,5,0,0,False,865.1918983892793,499.2034516919863,,
559,481,2475.718292236328,2476,259.23263501054106,8,8,8,0,0,False,897.3306983101853,584.7257040394259,,
560,307,897.4544219970703,898,116.81550071807627,6,6,6,0,0,False,859.4312662272649,775.3779410060228,,
561,451,1733.0836791992188,1733,228.1851933013652,5,5,5,0,0,False,868.922056866933,225.69106475937824,,
562,178,1359.3980865478516,1360,153.53391885830726,5,5,5,0,0,False,871.412562973321,113.67012416200083,,
563,93,1519.2581024169922,1520,169.4445642761583,7,7,7,0,0,False,882.3139542332268,471.7947313775377,,
564,335,3010.4256439208984,3010,266.17934488239143,6,5,5,0,0,True,897.8018982698994,27.58818714444461,,
565,401,1108.479263305664,1108,138.4351523308032,5,5,5,0,0,False,881.5483352454919,805.0048919063306,,
566,454,1196.9883880615234,1196,146.51042857150907,6,6,6,0,0,False,881.6539444684142,836.2885270114901,,
567,135,840.1122741699219,842,115.72543298340506,3,3,3,0,0,False,881.0743408594332,607.7379711646947,,
568,691,1148.2074890136719,1149,132.6074099346584,4,4,4,0,0,False,882.9930478500596,756.5507032421903,,
569,458,1599.5455780029297,1601,178.08419605831517,4,4,4,0,0,False,888.6741864119367,210.1010685612476,,
570,123,2611.9035034179688,2611,237.42419750477308,7,7,7,0,0,False,911.6095933421545,183.86015721457358,,
571,523,1110.1174621582031,1111,131.29901715781608,5,5,5,0,0,False,891.1676767865836,690.9605880493511,,
572,390,238.39801025390625,241,62.2309747641374,3,3,3,0,0,False,880.2743057213198,282.38521174807124,,
573,164,685.5515747070312,687,103.87253539759931,4,4,4,0,0,False,884.3229672379464,154.87967186896887,,
574,102,1244.7290344238281,1245,141.10992666847517,4,4,4,0,0,False,891.2601307618218,555.4613276931258,,
575,385,850.8522491455078,852,118.54101555054068,4,4,4,0,0,False,891.6375993467245,429.44818194344754,,
576,432,1037.7417602539062,1039,128.42452093530756,5,5,5,0,0,False,893.0986739646623,662.4639105900774,,
577,315,950.6227874755859,950,126.40936925174478,6,6,6,0,0,False,888.0924405531468,946.5651933257669,,
578,38,710.1740570068359,710,106.54846298095211,5,5,5,0,0,False,898.3872367354948,784.6717295999199,,
579,137,621.546875,621,104.65308675972196,6,6,6,0,0,False,896.1454211766102,507.9541473640562,,
580,91,2258.8736877441406,2257,254.0098831468449,8,7,6,1,0,False,923.9547035616172,543.6407412123186,,
581,202,818.5865631103516,820,138.3884080717104,5,5,5,0,0,False,908.1138602721252,81.52437445282436,,
582,235,2834.0123443603516,2835,271.10209413928726,7,7,7,0,0,False,914.9519166788092,425.1534851841691,,
583,133,4849.105072021484,4847,331.79568224732935,11,11,11,0,0,False,942.308192994667,151.5366475145609,,
584,580,1095.7849426269531,1094,143.52394616305259,7,7,7,0,0,False,917.5426769204054,289.03857332145424,,
585,568,3909.560836791992,3908,288.152267739285,6,6,6,0,0,False,944.9252981829541,882.5702810003565,,
586,546,417.9504852294922,420,87.3935227424227,3,3,3,0,0,False,906.2848387601446,309.7442779915013,,
587,512,3089.6976165771484,3087,261.1696240492807,9,9,9,0,0,False,931.5799732514595,247.7264791973405,,
588,452,2731.6624908447266,2732,209.48104119484643,6,6,6,0,0,False,926.3002029433015,367.2627783425608,,
589,308,1933.6166534423828,1933,204.92805553308796,7,7,7,0,0,False,928.1559605997579,478.1046277612702,,
590,186,708.4383087158203,709,109.38589757734209,4,4,4,0,0,False,913.7468236900862,607.1019984550643,,
591,555,4329.749664306641,4328,333.80921445965424,13,13,12,0,0,False,934.3350690876234,770.404897401783,,
592,309,813.6598663330078,815,120.9514956297717,4,4,4,0,0,False,909.5139166696226,753.1103670768384,,
593,346,1348.9456329345703,1349,159.1202129681132,7,7,7,0,0,False,922.4728356927659,847.3954054772195,,
594,713,1833.0162200927734,1833,195.96216075644168,5,4,4,0,0,True,929.6082991096204,997.6843652216231,,
595,120,737.3759002685547,738,118.93195919386103,4,4,4,0,0,False,919.0262502637132,110.29583145647742,,
596,13,5178.291015625,5174,362.4103594716979,13,11,10,1,0,True,960.8718524128319,619.4649906484264,,
597,694,1391.6122741699219,1391,159.77641228417286,7,7,7,0,0,False,918.540888098755,952.4621718847442,,
598,223,1458.5751495361328,1458,197.54367777684752,5,5,5,0,0,False,927.7736067237769,674.1381844945691,,
599,280,3214.1177978515625,3214,298.846514144841,7,7,7,0,0,False,959.0474072042762,535.998624709033,,
600,39,3195.328170776367,3194,317.4862110745896,7,7,7,0,0,False,950.7458171696567,52.78052793316904,,
601,310,3065.633987426758,3065,290.0114046777721,6,6,6,0,0,False,958.413600122049,676.8314721897895,,
602,405,911.3275451660156,911,129.03870726636274,4,4,4,0,0,False,935.3028984254871,70.6462839890377,,
603,295,270.9917907714844,272,76.63613667904797,4,3,3,0,0,True,935.4073577936522,4.709923389065426,,
604,141,1172.3541412353516,1173,157.21515298091606,4,4,4,0,0,False,944.7677452779379,810.1200399356206,,
605,525,1357.2718811035156,1358,175.48644951864455,7,7,7,0,0,False,952.4594202266327,108.80806123535467,,
606,12,3509.183792114258,3507,337.12996687845646,9,8,8,0,0,True,968.4699561930435,316.080903358824,,
607,518,1126.0501251220703,1127,146.72571190983473,5,5,5,0,0,False,953.2304151146653,436.1215174394201,,
608,710,1372.7494506835938,1373,149.34416840688974,5,5,5,0,0,False,948.8472987795735,950.1511929956728,,
609,712,1787.7158508300781,1789,179.14492337466024,5,5,5,0,0,False,966.9624084628742,911.277388907417,,
610,711,4848.502029418945,4849,335.2819965099395,5,4,4,0,0,True,987.3867300653012,992.5977458590253,,
611,619,922.7140197753906,923,135.48611910773224,5,5,5,0,0,False,955.0611797663904,218.47195995025234,,
612,572,1660.1006164550781,1661,174.34660247172096,6,6,6,0,0,False,962.2901464296605,391.00275979859344,,
613,239,1141.885238647461,1143,179.8735358814123,5,5,5,0,0,False,980.205123553115,502.7611991525242,,
614,84,2006.370620727539,2006,198.93683796577966,7,7,7,0,0,False,973.0409876593105,476.64340583127324,,
615,429,1135.402084350586,1136,132.68497532866317,5,5,5,0,0,False,965.9970015405651,823.2346607912704,,
616,428,703.1041717529297,705,124.0943313815774,5,5,5,0,0,False,970.6218665295388,844.3508732422281,,
617,323,1514.2041015625,1515,188.43969679901906,6,5,5,0,0,True,985.466571930362,279.49203490614576,,
618,76,3850.0712127685547,3852,262.02494715599505,5,4,4,0,0,True,991.035951834785,702.7875449847926,,
619,369,814.9406433105469,815,113.59525423509682,5,5,5,0,0,False,968.8461439243586,352.6047623770051,,
620,213,898.1273498535156,897,140.68797283207527,5,4,4,0,0,True,971.5575975959815,21.575129327999782,,
621,191,1867.5448455810547,1866,236.4421512681406,6,5,4,0,0,True,997.4735403687803,748.2651791346534,,
622,485,1764.6452026367188,1764,198.48437193877652,6,5,5,0,0,True,991.616350156571,220.60566946905607,,
623,246,1181.1131134033203,1182,162.71291388245353,6,6,6,0,0,False,983.5223732595708,60.62514390059772,,
624,569,1598.1392974853516,1598,175.66152567311056,5,5,5,0,0,False,982.8829527443423,422.8864984742513,,
625,10,221.55076599121094,224,58.06907553686202,2,2,2,0,0,False,970.7537069328108,741.8234553813854,,
626,664,2361.0494537353516,2361,194.70212506840582,6,5,5,0,0,True,993.0232686028666,786.8641625482078,,
627,552,1271.1882934570312,1273,145.97399910325936,5,5,5,0,0,False,985.4061067435683,250.39631594075064,,
628,677,2153.148712158203,2154,204.28472379464648,4,4,4,0,0,False,992.8070390693125,938.0232623956417,,
629,493,1182.85595703125,1184,144.6740137413634,3,2,2,0,0,True,998.6407085846394,302.36890981988864,,
630,435,2189.861831665039,2191,199.01677629091404,4,3,3,0,0,True,1002.3145063352688,25.032612835748434,,
631,377,1669.0746612548828,1667,190.49119571818392,7,6,6,0,0,True,1005.2013875424738,116.20510402552365,,
632,176,1662.256607055664,1662,187.0107138456077,4,3,3,0,0,True,1002.2184931776318,195.04202071454253,,
633,201,2279.0572052001953,2278,253.44444241495583,6,4,4,0,0,True,998.0088373109589,566.1746617514669,,
634,281,1360.5834045410156,1359,177.3605727966569,6,5,5,0,0,True,1001.2569820665497,388.4152420965139,,
635,298,1633.4378967285156,1634,167.23484907978215,4,3,3,0,0,True,1003.8329020581084,158.60922741949184,,
636,562,950.2993927001953,951,161.61170342702363,5,4,4,0,0,True,1007.2531744808267,433.8655649600727,,
637,472,699.5355987548828,701,103.27786058855723,4,4,4,0,0,False,992.3988213571283,92.97457757294622,,
638,692,1381.379135131836,1382,157.83203398770496,4,3,3,0,0,True,1005.2194129429057,357.04930718241883,,
639,532,1318.242431640625,1317,147.8969446143721,5,4,4,0,0,True,1006.2191149314292,826.6236687362293,,
640,707,2227.199432373047,2226,227.209908852257,7,6,6,0,0,True,1008.3506406571801,880.1951965694002,,
641,136,892.8999938964844,893,122.91085240050991,5,4,4,0,0,True,1011.1773935772583,522.2139917363203,,
642,515,750.4953002929688,751,114.67440446733646,4,3,3,0,0,True,1011.2686990369286,461.01383852072934,,
643,610,1255.4765319824219,1256,178.14544665674936,4,3,3,0,0,True,1012.3135036223198,647.4070040202092,,
644,34,512.6242218017578,512,97.3899229450905,5,4,4,0,0,True,1012.9193891047088,486.2946316884138,,
645,67,374.8290557861328,377,79.21152835447508,2,1,1,0,0,True,1014.3084229741447,569.1577962035808,,
646,331,597.4985198974609,599,113.53432694889187,4,3,3,0,0,True,1016.3737990296712,66.64374894276894,,
647,134,446.27471923828125,447,101.15426830115871,4,3,3,0,0,True,1016.830392385843,261.4430583706533,,
